county,state,fips,cases,deaths
Autauga,Alabama,01001,53,3
Baldwin,Alabama,01003,189,5
Barbour,Alabama,01005,47,1
Bibb,Alabama,01007,43,0
Blount,Alabama,01009,40,0
Bullock,Alabama,01011,18,0
Butler,Alabama,01013,120,2
Calhoun,Alabama,01015,114,3
Chambers,Alabama,01017,304,21
Cherokee,Alabama,01019,17,0
Chilton,Alabama,01021,60,1
Choctaw,Alabama,01023,54,0
Clarke,Alabama,01025,43,1
Clay,Alabama,01027,24,1
Cleburne,Alabama,01029,13,1
Coffee,Alabama,01031,134,0
Colbert,Alabama,01033,42,2
Conecuh,Alabama,01035,9,0
Coosa,Alabama,01037,31,1
Covington,Alabama,01039,46,1
Crenshaw,Alabama,01041,26,0
Cullman,Alabama,01043,58,0
Dale,Alabama,01045,34,0
Dallas,Alabama,01047,68,3
DeKalb,Alabama,01049,99,2
Elmore,Alabama,01051,121,3
Escambia,Alabama,01053,31,2
Etowah,Alabama,01055,152,10
Fayette,Alabama,01057,6,0
Franklin,Alabama,01059,152,0
Geneva,Alabama,01061,11,0
Greene,Alabama,01063,61,2
Hale,Alabama,01065,59,2
Henry,Alabama,01067,27,1
Houston,Alabama,01069,98,4
Jackson,Alabama,01071,53,2
Jefferson,Alabama,01073,1020,49
Lamar,Alabama,01075,13,0
Lauderdale,Alabama,01077,68,2
Lawrence,Alabama,01079,16,0
Lee,Alabama,01081,408,28
Limestone,Alabama,01083,48,0
Lowndes,Alabama,01085,80,3
Macon,Alabama,01087,41,2
Madison,Alabama,01089,238,4
Marengo,Alabama,01091,68,3
Marion,Alabama,01093,90,7
Marshall,Alabama,01095,439,8
Mobile,Alabama,01097,1265,71
Monroe,Alabama,01099,13,1
Montgomery,Alabama,01101,456,8
Morgan,Alabama,01103,78,0
Perry,Alabama,01105,16,0
Pickens,Alabama,01107,57,2
Pike,Alabama,01109,82,0
Randolph,Alabama,01111,82,4
Russell,Alabama,01113,63,0
Shelby,Alabama,01117,335,13
St. Clair,Alabama,01115,76,0
Sumter,Alabama,01119,85,3
Talladega,Alabama,01121,67,2
Tallapoosa,Alabama,01123,303,22
Tuscaloosa,Alabama,01125,243,3
Walker,Alabama,01127,100,0
Washington,Alabama,01129,42,2
Wilcox,Alabama,01131,72,4
Winston,Alabama,01133,16,0
Anchorage,Alaska,02020,190,4
Bethel Census Area,Alaska,02050,1,0
Fairbanks North Star Borough,Alaska,02090,83,2
Juneau City and Borough,Alaska,02110,27,0
Kenai Peninsula Borough,Alaska,02122,21,0
Ketchikan Gateway Borough,Alaska,02130,16,0
Kodiak Island Borough,Alaska,02150,1,0
Matanuska-Susitna Borough,Alaska,02170,21,1
Nome Census Area,Alaska,02180,1,0
Petersburg Borough,Alaska,02195,3,0
Prince of Wales-Hyder Census Area,Alaska,02198,2,0
Sitka City and Borough,Alaska,02220,1,0
Southeast Fairbanks Census Area,Alaska,02240,1,0
Yukon-Koyukuk Census Area,Alaska,02290,1,0
Apache,Arizona,04001,576,7
Cochise,Arizona,04003,39,0
Coconino,Arizona,04005,561,46
Gila,Arizona,04007,14,0
Graham,Arizona,04009,19,0
Greenlee,Arizona,04011,2,0
La Paz,Arizona,04012,16,2
Maricopa,Arizona,04013,4929,175
Mohave,Arizona,04015,147,16
Navajo,Arizona,04017,869,26
Pima,Arizona,04019,1379,105
Pinal,Arizona,04021,478,15
Santa Cruz,Arizona,04023,35,0
Yavapai,Arizona,04025,126,2
Yuma,Arizona,04027,115,1
Arkansas,Arkansas,05001,2,0
Ashley,Arkansas,05003,15,0
Baxter,Arkansas,05005,5,0
Benton,Arkansas,05007,110,0
Boone,Arkansas,05009,4,0
Bradley,Arkansas,05011,11,1
Carroll,Arkansas,05015,6,0
Chicot,Arkansas,05017,9,0
Clark,Arkansas,05019,32,0
Clay,Arkansas,05021,3,0
Cleburne,Arkansas,05023,72,4
Cleveland,Arkansas,05025,11,0
Columbia,Arkansas,05027,13,2
Conway,Arkansas,05029,13,1
Craighead,Arkansas,05031,85,0
Crawford,Arkansas,05033,4,0
Crittenden,Arkansas,05035,197,7
Cross,Arkansas,05037,25,0
Dallas,Arkansas,05039,1,0
Desha,Arkansas,05041,16,0
Drew,Arkansas,05043,16,1
Faulkner,Arkansas,05045,77,2
Franklin,Arkansas,05047,2,0
Fulton,Arkansas,05049,3,0
Garland,Arkansas,05051,117,0
Grant,Arkansas,05053,14,0
Greene,Arkansas,05055,21,0
Hempstead,Arkansas,05057,7,1
Hot Spring,Arkansas,05059,20,0
Howard,Arkansas,05061,14,0
Independence,Arkansas,05063,11,0
Izard,Arkansas,05065,10,0
Jackson,Arkansas,05067,1,0
Jefferson,Arkansas,05069,199,19
Johnson,Arkansas,05071,31,0
Lafayette,Arkansas,05073,8,1
Lawrence,Arkansas,05075,67,4
Lee,Arkansas,05077,4,1
Lincoln,Arkansas,05079,853,5
Logan,Arkansas,05083,2,0
Lonoke,Arkansas,05085,44,0
Madison,Arkansas,05087,1,0
Marion,Arkansas,05089,1,0
Miller,Arkansas,05091,35,1
Mississippi,Arkansas,05093,41,0
Monroe,Arkansas,05095,4,0
Montgomery,Arkansas,05097,1,0
Nevada,Arkansas,05099,2,0
Newton,Arkansas,05101,3,0
Ouachita,Arkansas,05103,7,0
Perry,Arkansas,05105,7,0
Phillips,Arkansas,05107,5,1
Pike,Arkansas,05109,3,0
Poinsett,Arkansas,05111,25,2
Polk,Arkansas,05113,7,0
Pope,Arkansas,05115,45,0
Prairie,Arkansas,05117,2,0
Pulaski,Arkansas,05119,565,21
Randolph,Arkansas,05121,19,0
Saline,Arkansas,05125,67,1
Scott,Arkansas,05127,1,0
Searcy,Arkansas,05129,6,0
Sebastian,Arkansas,05131,13,0
Sevier,Arkansas,05133,14,1
Sharp,Arkansas,05135,7,0
St. Francis,Arkansas,05123,95,0
Stone,Arkansas,05137,8,0
Union,Arkansas,05139,62,0
Unknown,Arkansas,,163,0
Van Buren,Arkansas,05141,28,2
Washington,Arkansas,05143,91,3
White,Arkansas,05145,35,1
Woodruff,Arkansas,05147,1,0
Yell,Arkansas,05149,6,1
Alameda,California,06001,1830,66
Alpine,California,06003,2,0
Amador,California,06005,7,0
Butte,California,06007,18,0
Calaveras,California,06009,13,0
Colusa,California,06011,3,0
Contra Costa,California,06013,969,29
Del Norte,California,06015,3,0
El Dorado,California,06017,53,0
Fresno,California,06019,724,9
Glenn,California,06021,5,0
Humboldt,California,06023,54,0
Imperial,California,06025,400,8
Inyo,California,06027,20,1
Kern,California,06029,1047,11
Kings,California,06031,211,1
Lake,California,06033,8,0
Los Angeles,California,06037,27815,1313
Madera,California,06039,54,2
Marin,California,06041,244,13
Mariposa,California,06043,14,0
Mendocino,California,06045,12,0
Merced,California,06047,146,3
Mono,California,06051,26,1
Monterey,California,06053,237,6
Napa,California,06055,76,2
Nevada,California,06057,41,1
Orange,California,06059,2931,61
Placer,California,06061,162,8
Plumas,California,06063,4,0
Riverside,California,06065,4454,184
Sacramento,California,06067,1132,47
San Benito,California,06069,53,2
San Bernardino,California,06071,2329,101
San Diego,California,06073,4223,162
San Francisco,California,06075,1760,31
San Joaquin,California,06077,578,26
San Luis Obispo,California,06079,204,1
San Mateo,California,06081,1315,53
Santa Barbara,California,06083,544,9
Santa Clara,California,06085,2255,122
Santa Cruz,California,06087,138,2
Shasta,California,06089,31,4
Siskiyou,California,06093,5,0
Solano,California,06095,330,6
Sonoma,California,06097,261,4
Stanislaus,California,06099,428,15
Sutter,California,06101,31,2
Tehama,California,06103,1,1
Tulare,California,06107,858,40
Tuolumne,California,06109,3,0
Ventura,California,06111,595,19
Yolo,California,06113,172,19
Yuba,California,06115,19,1
Adams,Colorado,08001,1883,72
Alamosa,Colorado,08003,14,2
Arapahoe,Colorado,08005,2883,165
Archuleta,Colorado,08007,8,0
Baca,Colorado,08009,12,0
Boulder,Colorado,08013,685,46
Broomfield,Colorado,08014,178,16
Chaffee,Colorado,08015,68,16
Clear Creek,Colorado,08019,13,1
Costilla,Colorado,08023,3,0
Crowley,Colorado,08025,4,1
Custer,Colorado,08027,2,0
Delta,Colorado,08029,52,1
Denver,Colorado,08031,3546,188
Douglas,Colorado,08035,543,23
Eagle,Colorado,08037,547,7
El Paso,Colorado,08041,1028,78
Elbert,Colorado,08039,36,1
Fremont,Colorado,08043,22,0
Garfield,Colorado,08045,99,2
Gilpin,Colorado,08047,1,0
Grand,Colorado,08049,5,0
Gunnison,Colorado,08051,168,5
Hinsdale,Colorado,08053,3,0
Huerfano,Colorado,08055,2,0
Jefferson,Colorado,08059,1466,88
Kit Carson,Colorado,08063,22,2
La Plata,Colorado,08067,63,0
Lake,Colorado,08065,21,0
Larimer,Colorado,08069,409,19
Las Animas,Colorado,08071,4,0
Lincoln,Colorado,08073,3,0
Logan,Colorado,08075,292,1
Mesa,Colorado,08077,46,0
Mineral,Colorado,08079,2,0
Moffat,Colorado,08081,6,0
Montezuma,Colorado,08083,18,2
Montrose,Colorado,08085,107,11
Morgan,Colorado,08087,422,21
Otero,Colorado,08089,10,1
Ouray,Colorado,08091,5,1
Park,Colorado,08093,14,0
Phillips,Colorado,08095,5,0
Pitkin,Colorado,08097,52,2
Prowers,Colorado,08099,3,0
Pueblo,Colorado,08101,158,11
Rio Blanco,Colorado,08103,1,0
Rio Grande,Colorado,08105,7,0
Routt,Colorado,08107,58,6
Saguache,Colorado,08109,3,0
San Miguel,Colorado,08113,20,0
Summit,Colorado,08117,151,2
Teller,Colorado,08119,29,2
Unknown,Colorado,,81,1
Washington,Colorado,08121,9,0
Weld,Colorado,08123,1955,107
Yuma,Colorado,08125,9,0
Fairfield,Connecticut,09001,12360,935
Hartford,Connecticut,09003,6351,804
Litchfield,Connecticut,09005,1065,95
Middlesex,Connecticut,09007,734,95
New Haven,Connecticut,09009,8337,610
New London,Connecticut,09011,681,45
Tolland,Connecticut,09013,502,43
Unknown,Connecticut,,368,2
Windham,Connecticut,09015,223,4
Kent,Delaware,10001,847,32
New Castle,Delaware,10003,1979,83
Sussex,Delaware,10005,2520,72
Unknown,Delaware,,25,0
District of Columbia,District of Columbia,11001,5322,264
Alachua,Florida,12001,289,5
Baker,Florida,12003,22,3
Bay,Florida,12005,76,3
Bradford,Florida,12007,48,2
Brevard,Florida,12009,319,8
Broward,Florida,12011,5492,215
Calhoun,Florida,12013,15,0
Charlotte,Florida,12015,269,26
Citrus,Florida,12017,100,11
Clay,Florida,12019,287,18
Collier,Florida,12021,656,25
Columbia,Florida,12023,96,2
DeSoto,Florida,12027,40,4
Dixie,Florida,12029,10,0
Duval,Florida,12031,1084,26
Escambia,Florida,12033,598,14
Flagler,Florida,12035,141,4
Franklin,Florida,12037,2,0
Gadsden,Florida,12039,114,0
Gilchrist,Florida,12041,6,0
Glades,Florida,12043,6,1
Gulf,Florida,12045,1,0
Hamilton,Florida,12047,7,0
Hardee,Florida,12049,34,0
Hendry,Florida,12051,115,5
Hernando,Florida,12053,96,5
Highlands,Florida,12055,88,7
Hillsborough,Florida,12057,1324,32
Holmes,Florida,12059,10,0
Indian River,Florida,12061,99,8
Jackson,Florida,12063,15,0
Jefferson,Florida,12065,28,2
Lafayette,Florida,12067,3,0
Lake,Florida,12069,235,14
Lee,Florida,12071,1159,49
Leon,Florida,12073,242,5
Levy,Florida,12075,20,0
Liberty,Florida,12077,60,0
Madison,Florida,12079,61,3
Manatee,Florida,12081,684,61
Marion,Florida,12083,193,5
Martin,Florida,12085,218,6
Miami-Dade,Florida,12086,13223,407
Monroe,Florida,12087,80,3
Nassau,Florida,12089,59,1
Okaloosa,Florida,12091,160,5
Okeechobee,Florida,12093,18,0
Orange,Florida,12095,1445,34
Osceola,Florida,12097,514,9
Palm Beach,Florida,12099,3388,205
Pasco,Florida,12101,284,8
Pinellas,Florida,12103,788,44
Polk,Florida,12105,547,28
Putnam,Florida,12107,121,4
Santa Rosa,Florida,12113,158,8
Sarasota,Florida,12115,395,48
Seminole,Florida,12117,403,8
St. Johns,Florida,12109,214,4
St. Lucie,Florida,12111,260,25
Sumter,Florida,12119,236,14
Suwannee,Florida,12121,142,17
Taylor,Florida,12123,3,0
Union,Florida,12125,5,0
Unknown,Florida,,14,0
Volusia,Florida,12127,521,27
Wakulla,Florida,12129,29,1
Walton,Florida,12131,50,1
Washington,Florida,12133,12,0
Appling,Georgia,13001,77,9
Atkinson,Georgia,13003,14,1
Bacon,Georgia,13005,29,1
Baker,Georgia,13007,26,2
Baldwin,Georgia,13009,260,10
Banks,Georgia,13011,29,0
Barrow,Georgia,13013,177,5
Bartow,Georgia,13015,351,31
Ben Hill,Georgia,13017,29,0
Berrien,Georgia,13019,17,0
Bibb,Georgia,13021,350,13
Bleckley,Georgia,13023,21,0
Brantley,Georgia,13025,22,2
Brooks,Georgia,13027,63,7
Bryan,Georgia,13029,56,4
Bulloch,Georgia,13031,43,2
Burke,Georgia,13033,88,3
Butts,Georgia,13035,158,17
Calhoun,Georgia,13037,106,5
Camden,Georgia,13039,34,1
Candler,Georgia,13043,7,0
Carroll,Georgia,13045,387,15
Catoosa,Georgia,13047,52,0
Charlton,Georgia,13049,13,0
Chatham,Georgia,13051,267,12
Chattahoochee,Georgia,13053,13,0
Chattooga,Georgia,13055,15,2
Cherokee,Georgia,13057,519,15
Clarke,Georgia,13059,167,13
Clay,Georgia,13061,25,3
Clayton,Georgia,13063,813,33
Clinch,Georgia,13065,15,0
Cobb,Georgia,13067,1887,102
Coffee,Georgia,13069,155,8
Colquitt,Georgia,13071,194,10
Columbia,Georgia,13073,169,5
Cook,Georgia,13075,28,1
Coweta,Georgia,13077,244,4
Crawford,Georgia,13079,19,0
Crisp,Georgia,13081,175,6
Dade,Georgia,13083,16,1
Dawson,Georgia,13085,67,1
DeKalb,Georgia,13089,2284,59
Decatur,Georgia,13087,96,2
Dodge,Georgia,13091,31,1
Dooly,Georgia,13093,132,11
Dougherty,Georgia,13095,1550,125
Douglas,Georgia,13097,353,11
Early,Georgia,13099,222,27
Echols,Georgia,13101,5,0
Effingham,Georgia,13103,38,1
Elbert,Georgia,13105,32,0
Emanuel,Georgia,13107,22,0
Evans,Georgia,13109,5,0
Fannin,Georgia,13111,32,1
Fayette,Georgia,13113,189,10
Floyd,Georgia,13115,151,11
Forsyth,Georgia,13117,347,10
Franklin,Georgia,13119,23,1
Fulton,Georgia,13121,3165,130
Gilmer,Georgia,13123,77,0
Glynn,Georgia,13127,59,1
Gordon,Georgia,13129,117,13
Grady,Georgia,13131,63,3
Greene,Georgia,13133,56,5
Gwinnett,Georgia,13135,2102,77
Habersham,Georgia,13137,362,11
Hall,Georgia,13139,1846,26
Hancock,Georgia,13141,67,2
Haralson,Georgia,13143,30,2
Harris,Georgia,13145,60,2
Hart,Georgia,13147,13,0
Heard,Georgia,13149,14,1
Henry,Georgia,13151,527,14
Houston,Georgia,13153,268,14
Irwin,Georgia,13155,19,1
Jackson,Georgia,13157,113,3
Jasper,Georgia,13159,25,0
Jeff Davis,Georgia,13161,22,1
Jefferson,Georgia,13163,16,1
Jenkins,Georgia,13165,17,1
Johnson,Georgia,13167,64,2
Jones,Georgia,13169,31,0
Lamar,Georgia,13171,39,1
Lanier,Georgia,13173,10,1
Laurens,Georgia,13175,68,1
Lee,Georgia,13177,333,22
Liberty,Georgia,13179,37,0
Lincoln,Georgia,13181,12,0
Long,Georgia,13183,5,0
Lowndes,Georgia,13185,166,4
Lumpkin,Georgia,13187,69,1
Macon,Georgia,13193,81,3
Madison,Georgia,13195,27,1
Marion,Georgia,13197,37,1
McDuffie,Georgia,13189,49,4
McIntosh,Georgia,13191,5,0
Meriwether,Georgia,13199,57,1
Miller,Georgia,13201,32,0
Mitchell,Georgia,13205,331,33
Monroe,Georgia,13207,30,4
Montgomery,Georgia,13209,2,0
Morgan,Georgia,13211,30,0
Murray,Georgia,13213,34,1
Muscogee,Georgia,13215,342,8
Newton,Georgia,13217,222,8
Oconee,Georgia,13219,66,0
Oglethorpe,Georgia,13221,51,3
Paulding,Georgia,13223,209,9
Peach,Georgia,13225,60,2
Pickens,Georgia,13227,28,2
Pierce,Georgia,13229,57,3
Pike,Georgia,13231,40,2
Polk,Georgia,13233,61,0
Pulaski,Georgia,13235,33,1
Putnam,Georgia,13237,49,5
Quitman,Georgia,13239,6,1
Rabun,Georgia,13241,13,1
Randolph,Georgia,13243,165,20
Richmond,Georgia,13245,424,15
Rockdale,Georgia,13247,204,6
Schley,Georgia,13249,16,1
Screven,Georgia,13251,16,1
Seminole,Georgia,13253,31,2
Spalding,Georgia,13255,222,11
Stephens,Georgia,13257,86,1
Stewart,Georgia,13259,25,0
Sumter,Georgia,13261,392,29
Talbot,Georgia,13263,25,1
Taliaferro,Georgia,13265,1,0
Tattnall,Georgia,13267,9,0
Taylor,Georgia,13269,18,2
Telfair,Georgia,13271,28,0
Terrell,Georgia,13273,191,21
Thomas,Georgia,13275,204,20
Tift,Georgia,13277,132,5
Toombs,Georgia,13279,35,3
Towns,Georgia,13281,20,1
Treutlen,Georgia,13283,3,0
Troup,Georgia,13285,163,5
Turner,Georgia,13287,70,10
Twiggs,Georgia,13289,8,0
Union,Georgia,13291,32,1
Unknown,Georgia,,617,0
Upson,Georgia,13293,243,23
Walker,Georgia,13295,61,0
Walton,Georgia,13297,138,5
Ware,Georgia,13299,142,13
Warren,Georgia,13301,13,0
Washington,Georgia,13303,43,1
Wayne,Georgia,13305,13,0
Webster,Georgia,13307,10,2
Wheeler,Georgia,13309,5,0
White,Georgia,13311,83,1
Whitfield,Georgia,13313,131,6
Wilcox,Georgia,13315,90,10
Wilkes,Georgia,13317,26,0
Wilkinson,Georgia,13319,35,2
Worth,Georgia,13321,173,12
Unknown,Guam,,1114,6
Hawaii,Hawaii,15001,74,0
Honolulu,Hawaii,15003,404,11
Kauai,Hawaii,15007,21,0
Maui,Hawaii,15009,116,6
Ada,Idaho,16001,670,19
Adams,Idaho,16003,3,0
Bannock,Idaho,16005,7,0
Bingham,Idaho,16011,4,0
Blaine,Idaho,16013,489,5
Bonner,Idaho,16017,4,0
Bonneville,Idaho,16019,17,0
Camas,Idaho,16025,1,0
Canyon,Idaho,16027,246,7
Caribou,Idaho,16029,1,0
Cassia,Idaho,16031,13,1
Custer,Idaho,16037,2,0
Elmore,Idaho,16039,29,2
Fremont,Idaho,16043,2,0
Gem,Idaho,16045,11,0
Gooding,Idaho,16047,11,0
Idaho,Idaho,16049,3,0
Jefferson,Idaho,16051,4,0
Jerome,Idaho,16053,51,2
Kootenai,Idaho,16055,61,0
Latah,Idaho,16057,5,0
Lemhi,Idaho,16059,1,0
Lincoln,Idaho,16063,26,0
Madison,Idaho,16065,7,0
Minidoka,Idaho,16067,8,0
Nez Perce,Idaho,16069,65,18
Owyhee,Idaho,16073,8,0
Payette,Idaho,16075,14,1
Power,Idaho,16077,2,0
Teton,Idaho,16081,9,0
Twin Falls,Idaho,16083,183,11
Valley,Idaho,16085,2,0
Washington,Idaho,16087,1,0
Adams,Illinois,17001,40,1
Alexander,Illinois,17003,4,0
Bond,Illinois,17005,7,1
Boone,Illinois,17007,146,11
Brown,Illinois,17009,2,0
Bureau,Illinois,17011,12,1
Calhoun,Illinois,17013,1,0
Carroll,Illinois,17015,10,2
Cass,Illinois,17017,42,0
Champaign,Illinois,17019,212,6
Christian,Illinois,17021,28,5
Clark,Illinois,17023,5,0
Clay,Illinois,17025,2,0
Clinton,Illinois,17027,115,7
Coles,Illinois,17029,22,1
Cook,Illinois,17031,45223,1922
Crawford,Illinois,17033,8,0
Cumberland,Illinois,17035,4,0
De Witt,Illinois,17039,3,0
DeKalb,Illinois,17037,132,1
Douglas,Illinois,17041,20,0
DuPage,Illinois,17043,3918,207
Effingham,Illinois,17049,5,1
Fayette,Illinois,17051,16,2
Ford,Illinois,17053,11,1
Franklin,Illinois,17055,10,0
Fulton,Illinois,17057,3,1
Gallatin,Illinois,17059,2,0
Greene,Illinois,17061,3,0
Grundy,Illinois,17063,47,0
Hamilton,Illinois,17065,2,0
Hancock,Illinois,17067,9,0
Hardin,Illinois,17069,1,0
Henderson,Illinois,17071,4,0
Henry,Illinois,17073,53,0
Iroquois,Illinois,17075,47,1
Jackson,Illinois,17077,146,9
Jasper,Illinois,17079,48,5
Jefferson,Illinois,17081,86,15
Jersey,Illinois,17083,14,1
Jo Daviess,Illinois,17085,14,0
Johnson,Illinois,17087,4,0
Kane,Illinois,17089,2206,65
Kankakee,Illinois,17091,393,30
Kendall,Illinois,17093,334,9
Knox,Illinois,17095,56,0
LaSalle,Illinois,17099,69,1
Lake,Illinois,17097,4370,151
Lawrence,Illinois,17101,3,0
Lee,Illinois,17103,41,0
Livingston,Illinois,17105,23,1
Logan,Illinois,17107,7,0
Macon,Illinois,17115,126,13
Macoupin,Illinois,17117,36,1
Madison,Illinois,17119,369,27
Marion,Illinois,17121,36,0
Marshall,Illinois,17123,4,0
Mason,Illinois,17125,14,0
Massac,Illinois,17127,4,0
McDonough,Illinois,17109,37,2
McHenry,Illinois,17111,802,40
McLean,Illinois,17113,103,3
Menard,Illinois,17129,15,0
Mercer,Illinois,17131,10,0
Monroe,Illinois,17133,74,11
Montgomery,Illinois,17135,30,0
Morgan,Illinois,17137,26,1
Moultrie,Illinois,17139,6,0
Ogle,Illinois,17141,133,2
Peoria,Illinois,17143,113,3
Perry,Illinois,17145,32,0
Piatt,Illinois,17147,7,0
Pike,Illinois,17149,1,0
Pulaski,Illinois,17153,20,0
Randolph,Illinois,17157,183,2
Richland,Illinois,17159,3,0
Rock Island,Illinois,17161,454,12
Saline,Illinois,17165,4,0
Sangamon,Illinois,17167,216,14
Schuyler,Illinois,17169,2,0
Shelby,Illinois,17173,10,1
St. Clair,Illinois,17163,579,41
Stark,Illinois,17175,1,0
Stephenson,Illinois,17177,70,0
Tazewell,Illinois,17179,48,3
Union,Illinois,17181,32,1
Unknown,Illinois,,236,0
Vermilion,Illinois,17183,23,1
Wabash,Illinois,17185,1,0
Warren,Illinois,17187,85,0
Washington,Illinois,17189,14,0
Wayne,Illinois,17191,2,0
White,Illinois,17193,2,0
Whiteside,Illinois,17195,94,6
Will,Illinois,17197,3150,178
Williamson,Illinois,17199,37,0
Winnebago,Illinois,17201,649,22
Woodford,Illinois,17203,13,1
Adams,Indiana,18001,9,1
Allen,Indiana,18003,695,55
Bartholomew,Indiana,18005,297,17
Benton,Indiana,18007,10,0
Blackford,Indiana,18009,10,1
Boone,Indiana,18011,207,26
Brown,Indiana,18013,18,1
Carroll,Indiana,18015,63,1
Cass,Indiana,18017,1406,2
Clark,Indiana,18019,339,21
Clay,Indiana,18021,22,1
Clinton,Indiana,18023,65,1
Crawford,Indiana,18025,19,0
Daviess,Indiana,18027,52,15
DeKalb,Indiana,18033,22,1
Dearborn,Indiana,18029,138,11
Decatur,Indiana,18031,205,28
Delaware,Indiana,18035,209,15
Dubois,Indiana,18037,27,0
Elkhart,Indiana,18039,342,13
Fayette,Indiana,18041,30,4
Floyd,Indiana,18043,212,27
Fountain,Indiana,18045,14,2
Franklin,Indiana,18047,99,7
Fulton,Indiana,18049,34,1
Gibson,Indiana,18051,7,0
Grant,Indiana,18053,146,12
Greene,Indiana,18055,97,7
Hamilton,Indiana,18057,859,74
Hancock,Indiana,18059,233,12
Harrison,Indiana,18061,138,9
Hendricks,Indiana,18063,785,44
Henry,Indiana,18065,47,2
Howard,Indiana,18067,211,9
Huntington,Indiana,18069,11,2
Jackson,Indiana,18071,183,1
Jasper,Indiana,18073,37,1
Jay,Indiana,18075,18,0
Jefferson,Indiana,18077,30,0
Jennings,Indiana,18079,86,3
Johnson,Indiana,18081,730,75
Knox,Indiana,18083,20,0
Kosciusko,Indiana,18085,38,1
LaGrange,Indiana,18087,33,2
LaPorte,Indiana,18091,268,8
Lake,Indiana,18089,2161,103
Lawrence,Indiana,18093,109,14
Madison,Indiana,18095,452,55
Marion,Indiana,18097,6419,374
Marshall,Indiana,18099,32,1
Martin,Indiana,18101,7,0
Miami,Indiana,18103,120,1
Monroe,Indiana,18105,132,8
Montgomery,Indiana,18107,106,2
Morgan,Indiana,18109,171,7
Newton,Indiana,18111,61,8
Noble,Indiana,18113,122,14
Ohio,Indiana,18115,6,0
Orange,Indiana,18117,106,13
Owen,Indiana,18119,24,1
Parke,Indiana,18121,13,0
Perry,Indiana,18123,11,0
Pike,Indiana,18125,2,0
Porter,Indiana,18127,266,7
Posey,Indiana,18129,14,0
Pulaski,Indiana,18131,29,0
Putnam,Indiana,18133,80,5
Randolph,Indiana,18135,17,2
Ripley,Indiana,18137,98,6
Rush,Indiana,18139,36,2
Scott,Indiana,18143,54,2
Shelby,Indiana,18145,229,14
Spencer,Indiana,18147,5,1
St. Joseph,Indiana,18141,687,21
Starke,Indiana,18149,17,2
Steuben,Indiana,18151,51,1
Sullivan,Indiana,18153,16,0
Switzerland,Indiana,18155,15,0
Tippecanoe,Indiana,18157,190,2
Tipton,Indiana,18159,20,1
Union,Indiana,18161,7,0
Vanderburgh,Indiana,18163,153,2
Vermillion,Indiana,18165,7,0
Vigo,Indiana,18167,71,6
Wabash,Indiana,18169,63,2
Warren,Indiana,18171,12,1
Warrick,Indiana,18173,106,18
Washington,Indiana,18175,45,0
Wayne,Indiana,18177,41,3
Wells,Indiana,18179,7,0
White,Indiana,18181,100,0
Whitley,Indiana,18183,22,1
Adair,Iowa,19001,2,0
Allamakee,Iowa,19005,98,4
Appanoose,Iowa,19007,4,3
Audubon,Iowa,19009,8,0
Benton,Iowa,19011,34,1
Black Hawk,Iowa,19013,1378,18
Boone,Iowa,19015,28,0
Bremer,Iowa,19017,55,5
Buchanan,Iowa,19019,22,0
Buena Vista,Iowa,19021,15,0
Butler,Iowa,19023,10,0
Calhoun,Iowa,19025,1,0
Carroll,Iowa,19027,5,0
Cass,Iowa,19029,1,0
Cedar,Iowa,19031,35,0
Cerro Gordo,Iowa,19033,14,0
Cherokee,Iowa,19035,4,0
Chickasaw,Iowa,19037,6,0
Clarke,Iowa,19039,3,0
Clay,Iowa,19041,7,0
Clayton,Iowa,19043,18,1
Clinton,Iowa,19045,51,1
Crawford,Iowa,19047,96,1
Dallas,Iowa,19049,613,3
Davis,Iowa,19051,4,0
Delaware,Iowa,19055,8,1
Des Moines,Iowa,19057,21,1
Dickinson,Iowa,19059,6,0
Dubuque,Iowa,19061,156,5
Fayette,Iowa,19065,23,0
Floyd,Iowa,19067,1,0
Franklin,Iowa,19069,5,0
Greene,Iowa,19073,11,0
Grundy,Iowa,19075,17,0
Guthrie,Iowa,19077,31,0
Hamilton,Iowa,19079,7,0
Hancock,Iowa,19081,3,0
Hardin,Iowa,19083,9,0
Harrison,Iowa,19085,17,0
Henry,Iowa,19087,37,1
Howard,Iowa,19089,12,0
Humboldt,Iowa,19091,4,0
Iowa,Iowa,19095,22,0
Jackson,Iowa,19097,5,0
Jasper,Iowa,19099,219,3
Jefferson,Iowa,19101,6,0
Johnson,Iowa,19103,518,6
Jones,Iowa,19105,25,0
Keokuk,Iowa,19107,3,0
Kossuth,Iowa,19109,2,0
Lee,Iowa,19111,16,0
Linn,Iowa,19113,767,53
Louisa,Iowa,19115,279,2
Lyon,Iowa,19119,15,0
Madison,Iowa,19121,9,1
Mahaska,Iowa,19123,18,1
Marion,Iowa,19125,12,0
Marshall,Iowa,19127,647,2
Mills,Iowa,19129,3,0
Mitchell,Iowa,19131,3,0
Monona,Iowa,19133,10,0
Monroe,Iowa,19135,1,0
Montgomery,Iowa,19137,1,0
Muscatine,Iowa,19139,415,16
O'Brien,Iowa,19141,11,0
Osceola,Iowa,19143,13,0
Page,Iowa,19145,9,0
Plymouth,Iowa,19149,33,0
Pocahontas,Iowa,19151,3,0
Polk,Iowa,19153,1778,42
Pottawattamie,Iowa,19155,61,2
Poweshiek,Iowa,19157,73,5
Sac,Iowa,19161,1,0
Scott,Iowa,19163,255,7
Shelby,Iowa,19165,14,0
Sioux,Iowa,19167,24,0
Story,Iowa,19169,39,1
Tama,Iowa,19171,297,11
Taylor,Iowa,19173,1,0
Union,Iowa,19175,1,0
Van Buren,Iowa,19177,8,0
Wapello,Iowa,19179,108,0
Warren,Iowa,19181,28,0
Washington,Iowa,19183,149,7
Wayne,Iowa,19185,1,0
Webster,Iowa,19187,6,0
Winnebago,Iowa,19189,3,0
Winneshiek,Iowa,19191,18,0
Woodbury,Iowa,19193,1296,3
Worth,Iowa,19195,1,0
Wright,Iowa,19197,4,0
Atchison,Kansas,20005,12,0
Barber,Kansas,20007,1,0
Barton,Kansas,20009,9,0
Bourbon,Kansas,20011,6,1
Brown,Kansas,20013,1,0
Butler,Kansas,20015,16,0
Chase,Kansas,20017,1,0
Chautauqua,Kansas,20019,4,0
Cherokee,Kansas,20021,8,0
Cheyenne,Kansas,20023,2,0
Clark,Kansas,20025,8,0
Clay,Kansas,20027,5,1
Cloud,Kansas,20029,4,0
Coffey,Kansas,20031,49,8
Cowley,Kansas,20035,3,1
Crawford,Kansas,20037,6,1
Dickinson,Kansas,20041,2,0
Doniphan,Kansas,20043,4,0
Douglas,Kansas,20045,51,0
Edwards,Kansas,20047,4,0
Elk,Kansas,20049,1,0
Ellis,Kansas,20051,8,0
Ellsworth,Kansas,20053,1,0
Finney,Kansas,20055,630,3
Ford,Kansas,20057,869,2
Franklin,Kansas,20059,19,0
Geary,Kansas,20061,13,0
Gove,Kansas,20063,1,0
Grant,Kansas,20067,7,0
Gray,Kansas,20069,6,0
Greenwood,Kansas,20073,3,0
Hamilton,Kansas,20075,4,0
Harper,Kansas,20077,1,0
Harvey,Kansas,20079,8,0
Haskell,Kansas,20081,8,0
Jackson,Kansas,20085,2,0
Jefferson,Kansas,20087,10,0
Jewell,Kansas,20089,4,0
Johnson,Kansas,20091,513,45
Kearny,Kansas,20093,23,0
Kiowa,Kansas,20097,2,0
Labette,Kansas,20099,22,0
Leavenworth,Kansas,20103,602,6
Linn,Kansas,20107,6,0
Lyon,Kansas,20111,265,2
Marion,Kansas,20115,5,1
McPherson,Kansas,20113,23,0
Meade,Kansas,20119,12,0
Miami,Kansas,20121,5,0
Mitchell,Kansas,20123,3,0
Montgomery,Kansas,20125,19,2
Morris,Kansas,20127,3,0
Morton,Kansas,20129,3,0
Nemaha,Kansas,20131,1,0
Neosho,Kansas,20133,3,0
Norton,Kansas,20137,2,0
Osage,Kansas,20139,5,0
Osborne,Kansas,20141,2,0
Ottawa,Kansas,20143,4,0
Phillips,Kansas,20147,1,0
Pottawatomie,Kansas,20149,15,0
Pratt,Kansas,20151,1,0
Reno,Kansas,20155,40,0
Republic,Kansas,20157,4,0
Rice,Kansas,20159,3,0
Riley,Kansas,20161,55,0
Rooks,Kansas,20163,6,0
Saline,Kansas,20169,21,2
Scott,Kansas,20171,2,0
Sedgwick,Kansas,20173,439,15
Seward,Kansas,20175,606,0
Shawnee,Kansas,20177,133,5
Sheridan,Kansas,20179,2,0
Sherman,Kansas,20181,5,0
Smith,Kansas,20183,2,0
Stafford,Kansas,20185,1,0
Stanton,Kansas,20187,7,0
Stevens,Kansas,20189,12,0
Sumner,Kansas,20191,4,1
Wabaunsee,Kansas,20197,26,0
Washington,Kansas,20201,1,0
Wilson,Kansas,20205,1,0
Woodson,Kansas,20207,6,0
Wyandotte,Kansas,20209,896,64
Adair,Kentucky,21001,81,13
Allen,Kentucky,21003,16,0
Anderson,Kentucky,21005,9,1
Ballard,Kentucky,21007,8,0
Barren,Kentucky,21009,22,0
Bath,Kentucky,21011,4,1
Boone,Kentucky,21015,191,4
Bourbon,Kentucky,21017,9,1
Boyd,Kentucky,21019,31,3
Boyle,Kentucky,21021,19,0
Bracken,Kentucky,21023,9,0
Breathitt,Kentucky,21025,3,0
Breckinridge,Kentucky,21027,9,0
Bullitt,Kentucky,21029,69,2
Butler,Kentucky,21031,181,5
Caldwell,Kentucky,21033,12,0
Calloway,Kentucky,21035,35,1
Campbell,Kentucky,21037,103,9
Carlisle,Kentucky,21039,2,1
Carroll,Kentucky,21041,2,0
Carter,Kentucky,21043,6,0
Casey,Kentucky,21045,1,0
Christian,Kentucky,21047,91,3
Clark,Kentucky,21049,20,0
Clay,Kentucky,21051,1,0
Clinton,Kentucky,21053,3,0
Crittenden,Kentucky,21055,4,1
Cumberland,Kentucky,21057,5,0
Daviess,Kentucky,21059,242,4
Edmonson,Kentucky,21061,36,0
Fayette,Kentucky,21067,298,9
Fleming,Kentucky,21069,2,0
Floyd,Kentucky,21071,12,0
Franklin,Kentucky,21073,17,0
Fulton,Kentucky,21075,1,0
Gallatin,Kentucky,21077,1,0
Garrard,Kentucky,21079,2,0
Grant,Kentucky,21081,26,3
Graves,Kentucky,21083,143,14
Grayson,Kentucky,21085,91,5
Green,Kentucky,21087,1,0
Greenup,Kentucky,21089,12,0
Hancock,Kentucky,21091,6,0
Hardin,Kentucky,21093,52,1
Harrison,Kentucky,21097,18,0
Hart,Kentucky,21099,8,0
Henderson,Kentucky,21101,74,2
Henry,Kentucky,21103,8,0
Hickman,Kentucky,21105,5,0
Hopkins,Kentucky,21107,207,24
Jackson,Kentucky,21109,60,10
Jefferson,Kentucky,21111,1497,108
Jessamine,Kentucky,21113,40,0
Johnson,Kentucky,21115,3,0
Kenton,Kentucky,21117,340,24
Knott,Kentucky,21119,4,0
Knox,Kentucky,21121,8,0
Larue,Kentucky,21123,5,0
Laurel,Kentucky,21125,19,2
Lawrence,Kentucky,21127,1,0
Leslie,Kentucky,21131,4,0
Letcher,Kentucky,21133,3,0
Lewis,Kentucky,21135,3,0
Lincoln,Kentucky,21137,5,1
Livingston,Kentucky,21139,6,0
Logan,Kentucky,21141,15,1
Lyon,Kentucky,21143,13,3
Madison,Kentucky,21151,31,1
Marion,Kentucky,21155,17,0
Marshall,Kentucky,21157,34,1
Martin,Kentucky,21159,3,0
Mason,Kentucky,21161,6,0
McCracken,Kentucky,21145,63,2
McCreary,Kentucky,21147,11,0
McLean,Kentucky,21149,16,0
Meade,Kentucky,21163,15,1
Menifee,Kentucky,21165,3,0
Mercer,Kentucky,21167,11,0
Metcalfe,Kentucky,21169,1,0
Monroe,Kentucky,21171,6,0
Montgomery,Kentucky,21173,12,0
Morgan,Kentucky,21175,1,0
Muhlenberg,Kentucky,21177,442,4
Nelson,Kentucky,21179,24,0
Nicholas,Kentucky,21181,1,0
Ohio,Kentucky,21183,74,0
Oldham,Kentucky,21185,36,0
Owen,Kentucky,21187,1,0
Owsley,Kentucky,21189,2,0
Pendleton,Kentucky,21191,6,0
Perry,Kentucky,21193,14,0
Pike,Kentucky,21195,13,2
Powell,Kentucky,21197,1,0
Pulaski,Kentucky,21199,43,2
Rockcastle,Kentucky,21203,12,0
Rowan,Kentucky,21205,2,0
Russell,Kentucky,21207,17,3
Scott,Kentucky,21209,31,0
Shelby,Kentucky,21211,33,3
Simpson,Kentucky,21213,31,2
Spencer,Kentucky,21215,15,0
Taylor,Kentucky,21217,8,0
Todd,Kentucky,21219,13,0
Trigg,Kentucky,21221,9,0
Trimble,Kentucky,21223,3,0
Union,Kentucky,21225,9,0
Unknown,Kentucky,,21,0
Warren,Kentucky,21227,426,1
Washington,Kentucky,21229,5,0
Wayne,Kentucky,21231,8,0
Webster,Kentucky,21233,29,0
Whitley,Kentucky,21235,11,0
Woodford,Kentucky,21239,18,0
Acadia,Louisiana,22001,136,10
Allen,Louisiana,22003,90,9
Ascension,Louisiana,22005,657,40
Assumption,Louisiana,22007,202,6
Avoyelles,Louisiana,22009,73,7
Beauregard,Louisiana,22011,43,3
Bienville,Louisiana,22013,78,14
Bossier,Louisiana,22015,300,17
Caddo,Louisiana,22017,1639,123
Calcasieu,Louisiana,22019,470,34
Caldwell,Louisiana,22021,40,0
Cameron,Louisiana,22023,3,0
Catahoula,Louisiana,22025,46,3
Claiborne,Louisiana,22027,58,7
Concordia,Louisiana,22029,41,4
De Soto,Louisiana,22031,202,13
East Baton Rouge,Louisiana,22033,2175,163
East Carroll,Louisiana,22035,9,0
East Feliciana,Louisiana,22037,131,16
Evangeline,Louisiana,22039,63,1
Franklin,Louisiana,22041,140,3
Grant,Louisiana,22043,17,0
Iberia,Louisiana,22045,274,23
Iberville,Louisiana,22047,484,32
Jackson,Louisiana,22049,48,3
Jefferson,Louisiana,22051,6491,381
Jefferson Davis,Louisiana,22053,65,6
LaSalle,Louisiana,22059,27,0
Lafayette,Louisiana,22055,473,20
Lafourche,Louisiana,22057,686,53
Lincoln,Louisiana,22061,96,10
Livingston,Louisiana,22063,247,18
Madison,Louisiana,22065,8,0
Morehouse,Louisiana,22067,55,4
Natchitoches,Louisiana,22069,90,6
Orleans,Louisiana,22071,6575,453
Ouachita,Louisiana,22073,793,22
Plaquemines,Louisiana,22075,181,17
Pointe Coupee,Louisiana,22077,114,17
Rapides,Louisiana,22079,308,11
Red River,Louisiana,22081,34,6
Richland,Louisiana,22083,84,1
Sabine,Louisiana,22085,17,1
St. Bernard,Louisiana,22087,502,20
St. Charles,Louisiana,22089,589,41
St. Helena,Louisiana,22091,32,1
St. James,Louisiana,22093,254,20
St. John the Baptist,Louisiana,22095,782,75
St. Landry,Louisiana,22097,198,47
St. Martin,Louisiana,22099,247,19
St. Mary,Louisiana,22101,212,23
St. Tammany,Louisiana,22103,1369,118
Tangipahoa,Louisiana,22105,605,23
Tensas,Louisiana,22107,2,0
Terrebonne,Louisiana,22109,469,32
Union,Louisiana,22111,144,7
Unknown,Louisiana,,63,0
Vermilion,Louisiana,22113,40,1
Vernon,Louisiana,22115,17,2
Washington,Louisiana,22117,292,23
Webster,Louisiana,22119,95,4
West Baton Rouge,Louisiana,22121,115,23
West Carroll,Louisiana,22123,4,0
West Feliciana,Louisiana,22125,156,4
Winn,Louisiana,22127,46,2
Androscoggin,Maine,23001,62,2
Aroostook,Maine,23003,6,0
Cumberland,Maine,23005,571,30
Franklin,Maine,23007,29,1
Hancock,Maine,23009,10,0
Kennebec,Maine,23011,105,8
Knox,Maine,23013,16,0
Lincoln,Maine,23015,13,0
Oxford,Maine,23017,15,0
Penobscot,Maine,23019,85,0
Piscataquis,Maine,23021,1,0
Sagadahoc,Maine,23023,19,0
Somerset,Maine,23025,17,0
Waldo,Maine,23027,49,13
Washington,Maine,23029,2,0
York,Maine,23031,226,7
Allegany,Maryland,24001,129,12
Anne Arundel,Maryland,24003,2045,98
Baltimore,Maryland,24005,3430,142
Baltimore city,Maryland,24510,2609,124
Calvert,Maryland,24009,174,10
Caroline,Maryland,24011,99,0
Carroll,Maryland,24013,513,61
Cecil,Maryland,24015,195,13
Charles,Maryland,24017,660,47
Dorchester,Maryland,24019,76,2
Frederick,Maryland,24021,1071,59
Garrett,Maryland,24023,4,0
Harford,Maryland,24025,499,15
Howard,Maryland,24027,1010,22
Kent,Maryland,24029,95,7
Montgomery,Maryland,24031,5541,292
Prince George's,Maryland,24033,7831,280
Queen Anne's,Maryland,24035,65,8
Somerset,Maryland,24039,37,0
St. Mary's,Maryland,24037,170,7
Talbot,Maryland,24041,45,1
Unknown,Maryland,,0,71
Washington,Maryland,24043,238,6
Wicomico,Maryland,24045,500,11
Worcester,Maryland,24047,81,2
Barnstable,Massachusetts,25001,969,48
Berkshire,Massachusetts,25003,457,36
Bristol,Massachusetts,25005,4235,210
Dukes,Massachusetts,25007,21,1
Essex,Massachusetts,25009,9979,527
Franklin,Massachusetts,25011,275,37
Hampden,Massachusetts,25013,4203,415
Hampshire,Massachusetts,25015,575,47
Middlesex,Massachusetts,25017,15980,1028
Nantucket,Massachusetts,25019,11,0
Norfolk,Massachusetts,25021,6466,575
Plymouth,Massachusetts,25023,5736,341
Suffolk,Massachusetts,25025,14173,609
Unknown,Massachusetts,,594,7
Worcester,Massachusetts,25027,6597,331
Alcona,Michigan,26001,4,1
Allegan,Michigan,26005,120,2
Alpena,Michigan,26007,85,7
Antrim,Michigan,26009,10,0
Arenac,Michigan,26011,27,1
Baraga,Michigan,26013,1,0
Barry,Michigan,26015,39,1
Bay,Michigan,26017,162,8
Benzie,Michigan,26019,4,0
Berrien,Michigan,26021,315,20
Branch,Michigan,26023,70,2
Calhoun,Michigan,26025,246,16
Cass,Michigan,26027,34,2
Charlevoix,Michigan,26029,13,1
Cheboygan,Michigan,26031,19,1
Chippewa,Michigan,26033,2,0
Clare,Michigan,26035,11,2
Clinton,Michigan,26037,120,10
Crawford,Michigan,26039,56,4
Delta,Michigan,26041,14,2
Dickinson,Michigan,26043,3,2
Eaton,Michigan,26045,138,6
Emmet,Michigan,26047,21,2
Genesee,Michigan,26049,1668,200
Gladwin,Michigan,26051,14,1
Gogebic,Michigan,26053,4,1
Grand Traverse,Michigan,26055,20,5
Gratiot,Michigan,26057,26,2
Hillsdale,Michigan,26059,137,21
Houghton,Michigan,26061,2,0
Huron,Michigan,26063,25,1
Ingham,Michigan,26065,518,14
Ionia,Michigan,26067,93,2
Iosco,Michigan,26069,52,7
Isabella,Michigan,26073,61,7
Jackson,Michigan,26075,367,26
Kalamazoo,Michigan,26077,489,22
Kalkaska,Michigan,26079,17,2
Kent,Michigan,26081,1914,40
Lake,Michigan,26085,2,0
Lapeer,Michigan,26087,173,27
Leelanau,Michigan,26089,9,0
Lenawee,Michigan,26091,110,2
Livingston,Michigan,26093,362,20
Luce,Michigan,26095,1,0
Mackinac,Michigan,26097,6,0
Macomb,Michigan,26099,5789,647
Manistee,Michigan,26101,11,0
Marquette,Michigan,26103,49,8
Mason,Michigan,26105,13,0
Mecosta,Michigan,26107,14,2
Menominee,Michigan,26109,6,0
Midland,Michigan,26111,62,7
Missaukee,Michigan,26113,16,1
Monroe,Michigan,26115,327,13
Montcalm,Michigan,26117,46,1
Montmorency,Michigan,26119,5,0
Muskegon,Michigan,26121,318,18
Newaygo,Michigan,26123,31,0
Oakland,Michigan,26125,7522,772
Oceana,Michigan,26127,21,1
Ogemaw,Michigan,26129,15,0
Osceola,Michigan,26133,8,0
Oscoda,Michigan,26135,5,0
Otsego,Michigan,26137,94,8
Ottawa,Michigan,26139,295,12
Presque Isle,Michigan,26141,11,0
Roscommon,Michigan,26143,18,0
Saginaw,Michigan,26145,742,70
Sanilac,Michigan,26151,36,5
Schoolcraft,Michigan,26153,3,0
Shiawassee,Michigan,26155,189,12
St. Clair,Michigan,26147,342,21
St. Joseph,Michigan,26149,43,1
Tuscola,Michigan,26157,117,14
Unknown,Michigan,,2009,51
Van Buren,Michigan,26159,69,2
Washtenaw,Michigan,26161,1123,76
Wayne,Michigan,26163,17391,1945
Wexford,Michigan,26165,9,2
Aitkin,Minnesota,27001,1,0
Anoka,Minnesota,27003,344,20
Becker,Minnesota,27005,15,0
Beltrami,Minnesota,27007,6,0
Benton,Minnesota,27009,48,1
Big Stone,Minnesota,27011,2,0
Blue Earth,Minnesota,27013,51,0
Brown,Minnesota,27015,9,1
Carlton,Minnesota,27017,60,0
Carver,Minnesota,27019,39,0
Cass,Minnesota,27021,7,0
Chippewa,Minnesota,27023,3,0
Chisago,Minnesota,27025,13,1
Clay,Minnesota,27027,201,14
Clearwater,Minnesota,27029,2,0
Cottonwood,Minnesota,27033,41,0
Crow Wing,Minnesota,27035,21,1
Dakota,Minnesota,27037,241,11
Dodge,Minnesota,27039,22,0
Douglas,Minnesota,27041,10,0
Faribault,Minnesota,27043,7,0
Fillmore,Minnesota,27045,12,1
Freeborn,Minnesota,27047,37,0
Goodhue,Minnesota,27049,23,0
Grant,Minnesota,27051,1,0
Hennepin,Minnesota,27053,2519,303
Houston,Minnesota,27055,1,0
Isanti,Minnesota,27059,6,0
Itasca,Minnesota,27061,13,0
Jackson,Minnesota,27063,25,0
Kanabec,Minnesota,27065,2,0
Kandiyohi,Minnesota,27067,200,1
Kittson,Minnesota,27069,1,0
Koochiching,Minnesota,27071,1,0
Lac qui Parle,Minnesota,27073,2,0
Le Sueur,Minnesota,27079,26,0
Lincoln,Minnesota,27081,3,0
Lyon,Minnesota,27083,10,0
Mahnomen,Minnesota,27087,2,0
Marshall,Minnesota,27089,7,0
Martin,Minnesota,27091,111,4
McLeod,Minnesota,27085,4,0
Meeker,Minnesota,27093,17,0
Mille Lacs,Minnesota,27095,4,1
Morrison,Minnesota,27097,7,0
Mower,Minnesota,27099,33,0
Murray,Minnesota,27101,20,0
Nicollet,Minnesota,27103,16,2
Nobles,Minnesota,27105,1069,1
Norman,Minnesota,27107,9,0
Olmsted,Minnesota,27109,313,8
Otter Tail,Minnesota,27111,19,0
Pennington,Minnesota,27113,1,0
Pine,Minnesota,27115,60,0
Pipestone,Minnesota,27117,4,0
Polk,Minnesota,27119,42,0
Pope,Minnesota,27121,1,0
Ramsey,Minnesota,27123,583,37
Red Lake,Minnesota,27125,1,0
Redwood,Minnesota,27127,3,0
Renville,Minnesota,27129,5,0
Rice,Minnesota,27131,30,1
Rock,Minnesota,27133,18,0
Roseau,Minnesota,27135,1,0
Scott,Minnesota,27139,74,1
Sherburne,Minnesota,27141,71,1
Sibley,Minnesota,27143,2,0
St. Louis,Minnesota,27137,81,11
Stearns,Minnesota,27145,815,2
Steele,Minnesota,27147,25,0
Swift,Minnesota,27151,2,0
Todd,Minnesota,27153,15,0
Traverse,Minnesota,27155,2,0
Unknown,Minnesota,,20,1
Wabasha,Minnesota,27157,10,0
Wadena,Minnesota,27159,3,0
Waseca,Minnesota,27161,6,0
Washington,Minnesota,27163,162,12
Watonwan,Minnesota,27165,15,0
Wilkin,Minnesota,27167,12,3
Winona,Minnesota,27169,68,15
Wright,Minnesota,27171,60,1
Yellow Medicine,Minnesota,27173,3,0
Adams,Mississippi,28001,151,10
Alcorn,Mississippi,28003,10,1
Amite,Mississippi,28005,32,0
Attala,Mississippi,28007,137,2
Benton,Mississippi,28009,12,0
Bolivar,Mississippi,28011,112,8
Calhoun,Mississippi,28013,58,4
Carroll,Mississippi,28015,111,3
Chickasaw,Mississippi,28017,80,9
Choctaw,Mississippi,28019,14,1
Claiborne,Mississippi,28021,33,0
Clarke,Mississippi,28023,67,6
Clay,Mississippi,28025,57,2
Coahoma,Mississippi,28027,70,3
Copiah,Mississippi,28029,126,1
Covington,Mississippi,28031,84,0
DeSoto,Mississippi,28033,308,4
Forrest,Mississippi,28035,259,14
Franklin,Mississippi,28037,17,1
George,Mississippi,28039,14,1
Greene,Mississippi,28041,6,1
Grenada,Mississippi,28043,36,2
Hancock,Mississippi,28045,68,5
Harrison,Mississippi,28047,186,6
Hinds,Mississippi,28049,565,9
Holmes,Mississippi,28051,168,10
Humphreys,Mississippi,28053,26,4
Itawamba,Mississippi,28057,64,6
Jackson,Mississippi,28059,270,9
Jasper,Mississippi,28061,64,2
Jefferson,Mississippi,28063,24,0
Jefferson Davis,Mississippi,28065,45,1
Jones,Mississippi,28067,193,2
Kemper,Mississippi,28069,79,3
Lafayette,Mississippi,28071,96,3
Lamar,Mississippi,28073,125,3
Lauderdale,Mississippi,28075,436,33
Lawrence,Mississippi,28077,57,0
Leake,Mississippi,28079,257,2
Lee,Mississippi,28081,75,4
Leflore,Mississippi,28083,175,18
Lincoln,Mississippi,28085,155,12
Lowndes,Mississippi,28087,65,3
Madison,Mississippi,28089,298,11
Marion,Mississippi,28091,76,7
Marshall,Mississippi,28093,48,2
Monroe,Mississippi,28095,177,16
Montgomery,Mississippi,28097,47,1
Neshoba,Mississippi,28099,243,10
Newton,Mississippi,28101,106,0
Noxubee,Mississippi,28103,92,2
Oktibbeha,Mississippi,28105,57,4
Panola,Mississippi,28107,40,2
Pearl River,Mississippi,28109,183,20
Perry,Mississippi,28111,31,1
Pike,Mississippi,28113,160,9
Pontotoc,Mississippi,28115,22,2
Prentiss,Mississippi,28117,33,1
Quitman,Mississippi,28119,16,0
Rankin,Mississippi,28121,221,6
Scott,Mississippi,28123,404,3
Sharkey,Mississippi,28125,5,0
Simpson,Mississippi,28127,53,0
Smith,Mississippi,28129,86,4
Stone,Mississippi,28131,22,0
Sunflower,Mississippi,28133,60,3
Tallahatchie,Mississippi,28135,12,1
Tate,Mississippi,28137,45,0
Tippah,Mississippi,28139,58,10
Tishomingo,Mississippi,28141,8,0
Tunica,Mississippi,28143,36,2
Union,Mississippi,28145,36,2
Walthall,Mississippi,28147,35,0
Warren,Mississippi,28149,88,2
Washington,Mississippi,28151,78,3
Wayne,Mississippi,28153,25,0
Webster,Mississippi,28155,21,1
Wilkinson,Mississippi,28157,71,7
Winston,Mississippi,28159,52,0
Yalobusha,Mississippi,28161,21,0
Yazoo,Mississippi,28163,154,2
Adair,Missouri,29001,12,0
Andrew,Missouri,29003,6,0
Atchison,Missouri,29005,2,0
Audrain,Missouri,29007,1,0
Barry,Missouri,29009,5,0
Bates,Missouri,29013,6,1
Benton,Missouri,29015,8,0
Bollinger,Missouri,29017,4,0
Boone,Missouri,29019,97,1
Buchanan,Missouri,29021,369,2
Butler,Missouri,29023,26,0
Caldwell,Missouri,29025,3,0
Callaway,Missouri,29027,23,1
Camden,Missouri,29029,35,1
Cape Girardeau,Missouri,29031,49,1
Carroll,Missouri,29033,2,0
Carter,Missouri,29035,3,1
Cass,Missouri,29037,65,6
Cedar,Missouri,29039,5,0
Chariton,Missouri,29041,5,0
Christian,Missouri,29043,19,0
Clark,Missouri,29045,1,0
Clay,Missouri,29047,86,1
Clinton,Missouri,29049,11,0
Cole,Missouri,29051,52,1
Cooper,Missouri,29053,9,0
Crawford,Missouri,29055,8,0
Dallas,Missouri,29059,2,0
Daviess,Missouri,29061,3,0
DeKalb,Missouri,29063,3,0
Dunklin,Missouri,29069,24,2
Franklin,Missouri,29071,127,13
Gasconade,Missouri,29073,2,0
Gentry,Missouri,29075,1,0
Greene,Missouri,29077,91,8
Harrison,Missouri,29081,6,0
Henry,Missouri,29083,8,1
Holt,Missouri,29087,1,0
Howard,Missouri,29089,2,0
Howell,Missouri,29091,5,0
Iron,Missouri,29093,2,0
Jackson,Missouri,29095,357,16
Jasper,Missouri,29097,24,0
Jefferson,Missouri,29099,278,10
Johnson,Missouri,29101,60,0
Kansas City,Missouri,,683,16
Lafayette,Missouri,29107,47,1
Lawrence,Missouri,29109,1,0
Lewis,Missouri,29111,6,1
Lincoln,Missouri,29113,49,1
Linn,Missouri,29115,5,1
Livingston,Missouri,29117,3,0
Macon,Missouri,29121,2,0
Madison,Missouri,29123,2,0
Maries,Missouri,29125,2,0
Marion,Missouri,29127,4,0
McDonald,Missouri,29119,4,0
Miller,Missouri,29131,2,0
Mississippi,Missouri,29133,29,0
Moniteau,Missouri,29135,42,0
Montgomery,Missouri,29139,7,0
Morgan,Missouri,29141,5,0
New Madrid,Missouri,29143,11,0
Newton,Missouri,29145,11,1
Nodaway,Missouri,29147,4,0
Oregon,Missouri,29149,2,0
Osage,Missouri,29151,5,0
Pemiscot,Missouri,29155,46,3
Perry,Missouri,29157,43,0
Pettis,Missouri,29159,53,0
Phelps,Missouri,29161,3,0
Pike,Missouri,29163,11,0
Platte,Missouri,29165,36,0
Polk,Missouri,29167,1,0
Pulaski,Missouri,29169,36,1
Ralls,Missouri,29173,1,0
Randolph,Missouri,29175,8,0
Ray,Missouri,29177,11,0
Reynolds,Missouri,29179,2,0
Ripley,Missouri,29181,5,0
Saline,Missouri,29195,205,0
Scotland,Missouri,29199,4,0
Scott,Missouri,29201,75,2
Shelby,Missouri,29205,1,0
St. Charles,Missouri,29183,626,43
St. Clair,Missouri,29185,2,0
St. Francois,Missouri,29187,27,1
St. Louis,Missouri,29189,3467,189
St. Louis city,Missouri,29510,1315,78
Ste. Genevieve,Missouri,29186,9,1
Stoddard,Missouri,29207,22,0
Stone,Missouri,29209,3,0
Sullivan,Missouri,29211,1,0
Taney,Missouri,29213,12,2
Vernon,Missouri,29217,4,0
Warren,Missouri,29219,21,0
Washington,Missouri,29221,9,1
Webster,Missouri,29225,15,0
Worth,Missouri,29227,1,0
Wright,Missouri,29229,10,0
Beaverhead,Montana,30001,1,0
Big Horn,Montana,30003,3,0
Broadwater,Montana,30007,4,0
Carbon,Montana,30009,6,0
Cascade,Montana,30013,16,2
Deer Lodge,Montana,30023,3,0
Flathead,Montana,30029,37,2
Gallatin,Montana,30031,146,1
Glacier,Montana,30035,6,0
Golden Valley,Montana,30037,3,0
Hill,Montana,30041,1,0
Jefferson,Montana,30043,2,0
Lake,Montana,30047,5,0
Lewis and Clark,Montana,30049,16,0
Liberty,Montana,30051,1,0
Lincoln,Montana,30053,7,1
Madison,Montana,30057,8,1
Meagher,Montana,30059,1,0
Missoula,Montana,30063,39,1
Musselshell,Montana,30065,1,0
Park,Montana,30067,8,0
Pondera,Montana,30073,2,0
Ravalli,Montana,30081,5,0
Richland,Montana,30083,3,0
Roosevelt,Montana,30085,7,0
Silver Bow,Montana,30093,11,0
Stillwater,Montana,30095,1,0
Toole,Montana,30101,29,6
Wheatland,Montana,30107,1,0
Yellowstone,Montana,30111,83,2
Adams,Nebraska,31001,204,4
Antelope,Nebraska,31003,4,0
Boone,Nebraska,31011,2,0
Box Butte,Nebraska,31013,1,0
Buffalo,Nebraska,31019,116,1
Burt,Nebraska,31021,5,0
Butler,Nebraska,31023,9,0
Cass,Nebraska,31025,6,0
Cedar,Nebraska,31027,4,0
Cherry,Nebraska,31031,1,0
Cheyenne,Nebraska,31033,7,0
Clay,Nebraska,31035,13,0
Colfax,Nebraska,31037,255,0
Cuming,Nebraska,31039,11,0
Custer,Nebraska,31041,32,3
Dakota,Nebraska,31043,1014,3
Dawson,Nebraska,31047,617,3
Dixon,Nebraska,31051,14,0
Dodge,Nebraska,31053,124,0
Douglas,Nebraska,31055,1049,16
Fillmore,Nebraska,31059,3,1
Franklin,Nebraska,31061,5,0
Frontier,Nebraska,31063,1,0
Furnas,Nebraska,31065,4,0
Gage,Nebraska,31067,39,2
Gosper,Nebraska,31073,12,0
Greeley,Nebraska,31077,2,0
Hall,Nebraska,31079,1284,31
Hamilton,Nebraska,31081,50,9
Hitchcock,Nebraska,31087,1,0
Holt,Nebraska,31089,1,0
Hooker,Nebraska,31091,1,0
Howard,Nebraska,31093,21,0
Jefferson,Nebraska,31095,4,0
Johnson,Nebraska,31097,4,0
Kearney,Nebraska,31099,5,0
Keith,Nebraska,31101,1,0
Kimball,Nebraska,31105,10,0
Knox,Nebraska,31107,4,0
Lancaster,Nebraska,31109,441,1
Lincoln,Nebraska,31111,34,2
Madison,Nebraska,31119,193,3
McPherson,Nebraska,31117,3,0
Merrick,Nebraska,31121,19,0
Morrill,Nebraska,31123,3,0
Nance,Nebraska,31125,4,0
Nemaha,Nebraska,31127,1,0
Otoe,Nebraska,31131,3,0
Phelps,Nebraska,31137,9,0
Pierce,Nebraska,31139,2,0
Platte,Nebraska,31141,205,0
Polk,Nebraska,31143,9,0
Red Willow,Nebraska,31145,4,0
Saline,Nebraska,31151,285,0
Sarpy,Nebraska,31153,168,1
Saunders,Nebraska,31155,11,0
Scotts Bluff,Nebraska,31157,34,0
Seward,Nebraska,31159,13,1
Sherman,Nebraska,31163,2,0
Stanton,Nebraska,31167,11,0
Thurston,Nebraska,31173,7,0
Valley,Nebraska,31175,1,0
Washington,Nebraska,31177,23,1
Wayne,Nebraska,31179,1,0
Webster,Nebraska,31181,5,0
York,Nebraska,31185,15,0
Carson City,Nevada,32510,51,1
Churchill,Nevada,32001,5,1
Clark,Nevada,32003,4411,226
Douglas,Nevada,32005,22,0
Elko,Nevada,32007,15,1
Humboldt,Nevada,32013,53,3
Lander,Nevada,32015,13,0
Lyon,Nevada,32019,35,0
Mineral,Nevada,32021,4,0
Nye,Nevada,32023,39,0
Unknown,Nevada,,0,8
Washoe,Nevada,32031,1014,36
White Pine,Nevada,32033,3,0
Belknap,New Hampshire,33001,40,0
Carroll,New Hampshire,33003,34,0
Cheshire,New Hampshire,33005,41,2
Coos,New Hampshire,33007,2,0
Grafton,New Hampshire,33009,54,1
Hillsborough,New Hampshire,33011,1181,43
Merrimack,New Hampshire,33013,206,4
Rockingham,New Hampshire,33015,888,31
Strafford,New Hampshire,33017,163,10
Sullivan,New Hampshire,33019,12,1
Unknown,New Hampshire,,15,0
Atlantic,New Jersey,34001,1190,51
Bergen,New Jersey,34003,16460,1261
Burlington,New Jersey,34005,3207,164
Camden,New Jersey,34007,4251,180
Cape May,New Jersey,34009,369,26
Cumberland,New Jersey,34011,985,23
Essex,New Jersey,34013,14840,1319
Gloucester,New Jersey,34015,1467,61
Hudson,New Jersey,34017,16099,870
Hunterdon,New Jersey,34019,679,38
Mercer,New Jersey,34021,4743,280
Middlesex,New Jersey,34023,13142,667
Monmouth,New Jersey,34025,6490,398
Morris,New Jersey,34027,5625,474
Ocean,New Jersey,34029,7060,469
Passaic,New Jersey,34031,13797,663
Salem,New Jersey,34033,347,15
Somerset,New Jersey,34035,3820,306
Sussex,New Jersey,34037,987,120
Union,New Jersey,34039,13503,768
Unknown,New Jersey,,550,0
Warren,New Jersey,34041,982,91
Bernalillo,New Mexico,35001,963,42
Catron,New Mexico,35003,1,1
Chaves,New Mexico,35005,25,1
Cibola,New Mexico,35006,74,3
Colfax,New Mexico,35007,5,0
Curry,New Mexico,35009,20,0
De Baca,New Mexico,35011,1,0
Doña Ana,New Mexico,35013,173,2
Eddy,New Mexico,35015,13,1
Grant,New Mexico,35017,15,0
Guadalupe,New Mexico,35019,15,0
Harding,New Mexico,35021,1,0
Lea,New Mexico,35025,12,0
Lincoln,New Mexico,35027,2,0
Los Alamos,New Mexico,35028,6,0
Luna,New Mexico,35029,7,1
McKinley,New Mexico,35031,1274,25
Otero,New Mexico,35035,8,0
Quay,New Mexico,35037,4,1
Rio Arriba,New Mexico,35039,24,0
Roosevelt,New Mexico,35041,10,0
San Juan,New Mexico,35045,806,62
San Miguel,New Mexico,35047,3,0
Sandoval,New Mexico,35043,426,20
Santa Fe,New Mexico,35049,108,0
Sierra,New Mexico,35051,1,0
Socorro,New Mexico,35053,48,2
Taos,New Mexico,35055,20,0
Torrance,New Mexico,35057,17,0
Union,New Mexico,35059,3,0
Valencia,New Mexico,35061,53,1
Albany,New York,36001,1294,70
Allegany,New York,36003,35,0
Broome,New York,36007,338,18
Cattaraugus,New York,36009,53,1
Cayuga,New York,36011,51,1
Chautauqua,New York,36013,37,2
Chemung,New York,36015,126,3
Chenango,New York,36017,100,0
Clinton,New York,36019,69,4
Columbia,New York,36021,229,18
Cortland,New York,36023,28,0
Delaware,New York,36025,62,0
Dutchess,New York,36027,3151,85
Erie,New York,36029,3891,264
Essex,New York,36031,38,0
Franklin,New York,36033,16,0
Fulton,New York,36035,97,3
Genesee,New York,36037,159,2
Greene,New York,36039,166,1
Hamilton,New York,36041,3,0
Herkimer,New York,36043,67,1
Jefferson,New York,36045,63,0
Lewis,New York,36049,9,0
Livingston,New York,36051,86,2
Madison,New York,36053,223,3
Monroe,New York,36055,1624,101
Montgomery,New York,36057,61,1
Nassau,New York,36059,37152,2250
New York City,New York,,176935,13336
Niagara,New York,36063,508,14
Oneida,New York,36065,574,17
Onondaga,New York,36067,1002,44
Ontario,New York,36069,97,4
Orange,New York,36071,9159,256
Orleans,New York,36073,99,6
Oswego,New York,36075,68,0
Otsego,New York,36077,67,5
Putnam,New York,36079,1031,47
Rensselaer,New York,36083,339,23
Rockland,New York,36087,12144,383
Saratoga,New York,36091,368,3
Schenectady,New York,36093,537,26
Schoharie,New York,36095,45,0
Schuyler,New York,36097,7,0
Seneca,New York,36099,46,1
St. Lawrence,New York,36089,178,2
Steuben,New York,36101,221,11
Suffolk,New York,36103,35275,1347
Sullivan,New York,36105,984,13
Tioga,New York,36107,92,8
Tompkins,New York,36109,129,2
Ulster,New York,36111,1357,12
Warren,New York,36113,192,12
Washington,New York,36115,188,2
Wayne,New York,36117,78,0
Westchester,New York,36119,30239,1236
Wyoming,New York,36121,70,3
Yates,New York,36123,19,2
Alamance,North Carolina,37001,126,3
Alexander,North Carolina,37003,5,0
Alleghany,North Carolina,37005,6,0
Anson,North Carolina,37007,30,0
Ashe,North Carolina,37009,5,0
Beaufort,North Carolina,37013,21,0
Bertie,North Carolina,37015,51,2
Bladen,North Carolina,37017,34,0
Brunswick,North Carolina,37019,50,3
Buncombe,North Carolina,37021,78,4
Burke,North Carolina,37023,117,9
Cabarrus,North Carolina,37025,318,16
Caldwell,North Carolina,37027,44,0
Camden,North Carolina,37029,2,0
Carteret,North Carolina,37031,27,3
Caswell,North Carolina,37033,34,0
Catawba,North Carolina,37035,59,1
Chatham,North Carolina,37037,403,11
Cherokee,North Carolina,37039,19,1
Chowan,North Carolina,37041,6,0
Clay,North Carolina,37043,5,0
Cleveland,North Carolina,37045,48,2
Columbus,North Carolina,37047,167,11
Craven,North Carolina,37049,44,4
Cumberland,North Carolina,37051,290,8
Currituck,North Carolina,37053,5,0
Dare,North Carolina,37055,14,1
Davidson,North Carolina,37057,183,10
Davie,North Carolina,37059,31,2
Duplin,North Carolina,37061,132,2
Durham,North Carolina,37063,800,28
Edgecombe,North Carolina,37065,123,5
Forsyth,North Carolina,37067,287,5
Franklin,North Carolina,37069,106,19
Gaston,North Carolina,37071,147,3
Gates,North Carolina,37073,9,0
Graham,North Carolina,37075,2,0
Granville,North Carolina,37077,160,8
Greene,North Carolina,37079,22,0
Guilford,North Carolina,37081,464,33
Halifax,North Carolina,37083,69,1
Harnett,North Carolina,37085,188,9
Haywood,North Carolina,37087,15,0
Henderson,North Carolina,37089,210,21
Hertford,North Carolina,37091,45,1
Hoke,North Carolina,37093,101,0
Hyde,North Carolina,37095,1,0
Iredell,North Carolina,37097,128,5
Jackson,North Carolina,37099,18,1
Johnston,North Carolina,37101,173,17
Jones,North Carolina,37103,18,2
Lee,North Carolina,37105,207,1
Lenoir,North Carolina,37107,90,4
Lincoln,North Carolina,37109,35,0
Macon,North Carolina,37113,3,1
Madison,North Carolina,37115,1,0
Martin,North Carolina,37117,21,1
McDowell,North Carolina,37111,28,1
Mecklenburg,North Carolina,37119,1758,55
Mitchell,North Carolina,37121,5,0
Montgomery,North Carolina,37123,38,2
Moore,North Carolina,37125,93,3
Nash,North Carolina,37127,102,3
New Hanover,North Carolina,37129,83,3
Northampton,North Carolina,37131,91,4
Onslow,North Carolina,37133,51,2
Orange,North Carolina,37135,230,18
Pamlico,North Carolina,37137,8,0
Pasquotank,North Carolina,37139,38,1
Pender,North Carolina,37141,16,1
Perquimans,North Carolina,37143,14,2
Person,North Carolina,37145,23,1
Pitt,North Carolina,37147,144,2
Polk,North Carolina,37149,26,0
Randolph,North Carolina,37151,255,4
Richmond,North Carolina,37153,61,2
Robeson,North Carolina,37155,249,6
Rockingham,North Carolina,37157,30,2
Rowan,North Carolina,37159,417,25
Rutherford,North Carolina,37161,145,7
Sampson,North Carolina,37163,94,1
Scotland,North Carolina,37165,30,0
Stanly,North Carolina,37167,29,4
Stokes,North Carolina,37169,10,0
Surry,North Carolina,37171,20,1
Swain,North Carolina,37173,4,0
Transylvania,North Carolina,37175,7,0
Tyrrell,North Carolina,37177,4,0
Union,North Carolina,37179,271,14
Vance,North Carolina,37181,119,10
Wake,North Carolina,37183,919,21
Warren,North Carolina,37185,17,0
Washington,North Carolina,37187,25,3
Watauga,North Carolina,37189,8,0
Wayne,North Carolina,37191,688,12
Wilkes,North Carolina,37193,128,1
Wilson,North Carolina,37195,182,7
Yadkin,North Carolina,37197,25,1
Yancey,North Carolina,37199,1,0
Barnes,North Dakota,38003,4,0
Bowman,North Dakota,38011,1,0
Burke,North Dakota,38013,5,0
Burleigh,North Dakota,38015,92,0
Cass,North Dakota,38017,643,18
Divide,North Dakota,38023,1,0
Dunn,North Dakota,38025,11,0
Eddy,North Dakota,38027,1,0
Emmons,North Dakota,38029,1,1
Foster,North Dakota,38031,1,0
Grand Forks,North Dakota,38035,270,0
Grant,North Dakota,38037,1,0
McHenry,North Dakota,38049,1,1
McIntosh,North Dakota,38051,1,0
McKenzie,North Dakota,38053,13,0
McLean,North Dakota,38055,5,0
Mercer,North Dakota,38057,3,0
Morton,North Dakota,38059,35,2
Mountrail,North Dakota,38061,35,0
Nelson,North Dakota,38063,1,0
Oliver,North Dakota,38065,1,0
Pembina,North Dakota,38067,4,0
Pierce,North Dakota,38069,2,0
Ramsey,North Dakota,38071,3,0
Ransom,North Dakota,38073,1,0
Renville,North Dakota,38075,1,0
Richland,North Dakota,38077,7,0
Rolette,North Dakota,38079,1,0
Sargent,North Dakota,38081,1,0
Sioux,North Dakota,38085,1,0
Slope,North Dakota,38087,3,0
Stark,North Dakota,38089,57,2
Stutsman,North Dakota,38093,12,0
Walsh,North Dakota,38099,7,0
Ward,North Dakota,38101,25,1
Wells,North Dakota,38103,2,0
Williams,North Dakota,38105,13,0
Unknown,Northern Mariana Islands,,14,2
Adams,Ohio,39001,5,0
Allen,Ohio,39003,135,25
Ashland,Ohio,39005,9,0
Ashtabula,Ohio,39007,160,17
Athens,Ohio,39009,4,1
Auglaize,Ohio,39011,36,3
Belmont,Ohio,39013,181,7
Brown,Ohio,39015,13,1
Butler,Ohio,39017,346,8
Carroll,Ohio,39019,21,1
Champaign,Ohio,39021,15,1
Clark,Ohio,39023,69,2
Clermont,Ohio,39025,109,3
Clinton,Ohio,39027,31,0
Columbiana,Ohio,39029,292,28
Coshocton,Ohio,39031,17,0
Crawford,Ohio,39033,57,1
Cuyahoga,Ohio,39035,2428,128
Darke,Ohio,39037,77,14
Defiance,Ohio,39039,21,1
Delaware,Ohio,39041,184,4
Erie,Ohio,39043,67,3
Fairfield,Ohio,39045,155,3
Fayette,Ohio,39047,21,0
Franklin,Ohio,39049,3097,87
Fulton,Ohio,39051,29,0
Gallia,Ohio,39053,6,1
Geauga,Ohio,39055,172,16
Greene,Ohio,39057,50,5
Guernsey,Ohio,39059,19,0
Hamilton,Ohio,39061,1480,83
Hancock,Ohio,39063,39,1
Hardin,Ohio,39065,26,0
Harrison,Ohio,39067,6,0
Henry,Ohio,39069,6,0
Highland,Ohio,39071,11,1
Hocking,Ohio,39073,19,1
Holmes,Ohio,39075,6,1
Huron,Ohio,39077,33,1
Jackson,Ohio,39079,6,0
Jefferson,Ohio,39081,46,1
Knox,Ohio,39083,19,1
Lake,Ohio,39085,176,8
Lawrence,Ohio,39087,24,0
Licking,Ohio,39089,133,7
Logan,Ohio,39091,19,0
Lorain,Ohio,39093,510,39
Lucas,Ohio,39095,1478,133
Madison,Ohio,39097,73,3
Mahoning,Ohio,39099,998,92
Marion,Ohio,39101,2335,9
Medina,Ohio,39103,177,16
Meigs,Ohio,39105,3,0
Mercer,Ohio,39107,38,1
Miami,Ohio,39109,144,27
Monroe,Ohio,39111,4,0
Montgomery,Ohio,39113,328,10
Morgan,Ohio,39115,5,0
Morrow,Ohio,39117,83,1
Muskingum,Ohio,39119,21,0
Noble,Ohio,39121,5,0
Ottawa,Ohio,39123,44,1
Paulding,Ohio,39125,8,0
Perry,Ohio,39127,13,1
Pickaway,Ohio,39129,1831,22
Pike,Ohio,39131,4,0
Portage,Ohio,39133,254,43
Preble,Ohio,39135,27,1
Putnam,Ohio,39137,71,10
Richland,Ohio,39139,91,2
Ross,Ohio,39141,42,2
Sandusky,Ohio,39143,41,7
Scioto,Ohio,39145,13,0
Seneca,Ohio,39147,14,1
Shelby,Ohio,39149,30,1
Stark,Ohio,39151,414,57
Summit,Ohio,39153,751,66
Trumbull,Ohio,39155,356,35
Tuscarawas,Ohio,39157,133,0
Union,Ohio,39159,26,0
Van Wert,Ohio,39161,3,0
Vinton,Ohio,39163,8,0
Warren,Ohio,39165,178,12
Washington,Ohio,39167,105,15
Wayne,Ohio,39169,166,33
Williams,Ohio,39171,42,1
Wood,Ohio,39173,203,27
Wyandot,Ohio,39175,24,2
Adair,Oklahoma,40001,66,3
Alfalfa,Oklahoma,40003,1,0
Atoka,Oklahoma,40005,1,0
Beaver,Oklahoma,40007,15,0
Beckham,Oklahoma,40009,6,0
Blaine,Oklahoma,40011,2,0
Bryan,Oklahoma,40013,9,1
Caddo,Oklahoma,40015,77,8
Canadian,Oklahoma,40017,103,3
Carter,Oklahoma,40019,5,1
Cherokee,Oklahoma,40021,29,1
Choctaw,Oklahoma,40023,3,0
Cimarron,Oklahoma,40025,1,0
Cleveland,Oklahoma,40027,439,30
Comanche,Oklahoma,40031,104,2
Cotton,Oklahoma,40033,5,1
Craig,Oklahoma,40035,12,0
Creek,Oklahoma,40037,80,6
Custer,Oklahoma,40039,11,0
Delaware,Oklahoma,40041,92,14
Dewey,Oklahoma,40043,2,0
Garfield,Oklahoma,40047,21,1
Garvin,Oklahoma,40049,14,1
Grady,Oklahoma,40051,40,2
Grant,Oklahoma,40053,2,0
Greer,Oklahoma,40055,65,6
Harper,Oklahoma,40059,1,0
Haskell,Oklahoma,40061,5,0
Jackson,Oklahoma,40065,18,0
Jefferson,Oklahoma,40067,2,0
Johnston,Oklahoma,40069,3,0
Kay,Oklahoma,40071,48,7
Kingfisher,Oklahoma,40073,8,0
Kiowa,Oklahoma,40075,5,0
Latimer,Oklahoma,40077,5,1
Le Flore,Oklahoma,40079,13,0
Lincoln,Oklahoma,40081,16,2
Logan,Oklahoma,40083,17,1
Love,Oklahoma,40085,2,0
Major,Oklahoma,40093,4,1
Marshall,Oklahoma,40095,2,0
Mayes,Oklahoma,40097,24,4
McClain,Oklahoma,40087,84,2
McCurtain,Oklahoma,40089,8,0
McIntosh,Oklahoma,40091,3,0
Murray,Oklahoma,40099,2,0
Muskogee,Oklahoma,40101,27,6
Noble,Oklahoma,40103,6,0
Nowata,Oklahoma,40105,21,0
Okfuskee,Oklahoma,40107,1,0
Oklahoma,Oklahoma,40109,853,36
Okmulgee,Oklahoma,40111,16,0
Osage,Oklahoma,40113,78,8
Ottawa,Oklahoma,40115,34,1
Pawnee,Oklahoma,40117,29,2
Payne,Oklahoma,40119,44,1
Pittsburg,Oklahoma,40121,39,2
Pontotoc,Oklahoma,40123,10,2
Pottawatomie,Oklahoma,40125,52,4
Pushmataha,Oklahoma,40127,1,0
Rogers,Oklahoma,40131,68,4
Seminole,Oklahoma,40133,19,2
Sequoyah,Oklahoma,40135,12,3
Stephens,Oklahoma,40137,22,1
Texas,Oklahoma,40139,252,3
Tillman,Oklahoma,40141,15,0
Tulsa,Oklahoma,40143,645,36
Wagoner,Oklahoma,40145,123,15
Washington,Oklahoma,40147,281,23
Woods,Oklahoma,40151,3,0
Woodward,Oklahoma,40153,1,0
Benton,Oregon,41003,39,5
Clackamas,Oregon,41005,231,7
Clatsop,Oregon,41007,17,0
Columbia,Oregon,41009,14,0
Coos,Oregon,41011,28,0
Crook,Oregon,41013,1,0
Curry,Oregon,41015,4,0
Deschutes,Oregon,41017,80,0
Douglas,Oregon,41019,24,0
Grant,Oregon,41023,1,0
Harney,Oregon,41025,1,0
Hood River,Oregon,41027,11,0
Jackson,Oregon,41029,49,0
Jefferson,Oregon,41031,14,0
Josephine,Oregon,41033,24,1
Klamath,Oregon,41035,39,0
Lane,Oregon,41039,55,2
Lincoln,Oregon,41041,5,0
Linn,Oregon,41043,98,7
Malheur,Oregon,41045,13,0
Marion,Oregon,41047,574,19
Morrow,Oregon,41049,10,0
Multnomah,Oregon,41051,769,49
Polk,Oregon,41053,68,2
Sherman,Oregon,41055,1,0
Tillamook,Oregon,41057,6,0
Umatilla,Oregon,41059,73,1
Union,Oregon,41061,4,0
Wallowa,Oregon,41063,1,0
Wasco,Oregon,41065,13,1
Washington,Oregon,41067,531,12
Yamhill,Oregon,41071,41,7
Adams,Pennsylvania,42001,148,5
Allegheny,Pennsylvania,42003,1375,109
Armstrong,Pennsylvania,42005,53,3
Beaver,Pennsylvania,42007,466,73
Bedford,Pennsylvania,42009,26,1
Berks,Pennsylvania,42011,3004,147
Blair,Pennsylvania,42013,25,0
Bradford,Pennsylvania,42015,35,5
Bucks,Pennsylvania,42017,3505,283
Butler,Pennsylvania,42019,184,6
Cambria,Pennsylvania,42021,34,2
Cameron,Pennsylvania,42023,2,0
Carbon,Pennsylvania,42025,185,15
Centre,Pennsylvania,42027,106,2
Chester,Pennsylvania,42029,1647,149
Clarion,Pennsylvania,42031,23,1
Clearfield,Pennsylvania,42033,21,0
Clinton,Pennsylvania,42035,33,0
Columbia,Pennsylvania,42037,298,16
Crawford,Pennsylvania,42039,19,0
Cumberland,Pennsylvania,42041,382,25
Dauphin,Pennsylvania,42043,695,29
Delaware,Pennsylvania,42045,4326,320
Elk,Pennsylvania,42047,4,0
Erie,Pennsylvania,42049,93,2
Fayette,Pennsylvania,42051,84,4
Forest,Pennsylvania,42053,7,0
Franklin,Pennsylvania,42055,396,10
Fulton,Pennsylvania,42057,7,0
Greene,Pennsylvania,42059,27,1
Huntingdon,Pennsylvania,42061,59,0
Indiana,Pennsylvania,42063,74,5
Jefferson,Pennsylvania,42065,6,0
Juniata,Pennsylvania,42067,86,1
Lackawanna,Pennsylvania,42069,1038,103
Lancaster,Pennsylvania,42071,2018,206
Lawrence,Pennsylvania,42073,67,7
Lebanon,Pennsylvania,42075,766,15
Lehigh,Pennsylvania,42077,2999,94
Luzerne,Pennsylvania,42079,2280,104
Lycoming,Pennsylvania,42081,86,4
McKean,Pennsylvania,42083,6,0
Mercer,Pennsylvania,42085,67,1
Mifflin,Pennsylvania,42087,42,0
Monroe,Pennsylvania,42089,1186,60
Montgomery,Pennsylvania,42091,4687,443
Montour,Pennsylvania,42093,50,0
Northampton,Pennsylvania,42095,2279,117
Northumberland,Pennsylvania,42097,107,0
Perry,Pennsylvania,42099,34,1
Philadelphia,Pennsylvania,42101,16410,743
Pike,Pennsylvania,42103,412,17
Potter,Pennsylvania,42105,4,0
Schuylkill,Pennsylvania,42107,405,7
Snyder,Pennsylvania,42109,33,1
Somerset,Pennsylvania,42111,30,1
Sullivan,Pennsylvania,42113,1,0
Susquehanna,Pennsylvania,42115,86,11
Tioga,Pennsylvania,42117,16,2
Union,Pennsylvania,42119,38,1
Venango,Pennsylvania,42121,7,0
Warren,Pennsylvania,42123,1,1
Washington,Pennsylvania,42125,120,2
Wayne,Pennsylvania,42127,109,5
Westmoreland,Pennsylvania,42129,405,31
Wyoming,Pennsylvania,42131,27,2
York,Pennsylvania,42133,716,13
Unknown,Puerto Rico,,1924,56
Bristol,Rhode Island,44001,154,0
Kent,Rhode Island,44003,703,25
Newport,Rhode Island,44005,161,4
Providence,Rhode Island,44007,7138,265
Unknown,Rhode Island,,1414,36
Washington,Rhode Island,44009,363,25
Abbeville,South Carolina,45001,33,0
Aiken,South Carolina,45003,108,6
Allendale,South Carolina,45005,18,1
Anderson,South Carolina,45007,172,8
Bamberg,South Carolina,45009,13,0
Barnwell,South Carolina,45011,27,0
Beaufort,South Carolina,45013,270,12
Berkeley,South Carolina,45015,188,14
Calhoun,South Carolina,45017,7,1
Charleston,South Carolina,45019,463,8
Cherokee,South Carolina,45021,18,0
Chester,South Carolina,45023,35,0
Chesterfield,South Carolina,45025,61,1
Clarendon,South Carolina,45027,237,24
Colleton,South Carolina,45029,32,4
Darlington,South Carolina,45031,149,2
Dillon,South Carolina,45033,74,0
Dorchester,South Carolina,45035,101,3
Edgefield,South Carolina,45037,32,2
Fairfield,South Carolina,45039,71,2
Florence,South Carolina,45041,353,17
Georgetown,South Carolina,45043,46,3
Greenville,South Carolina,45045,796,42
Greenwood,South Carolina,45047,57,0
Hampton,South Carolina,45049,26,0
Horry,South Carolina,45051,236,18
Jasper,South Carolina,45053,21,1
Kershaw,South Carolina,45055,247,10
Lancaster,South Carolina,45057,96,4
Laurens,South Carolina,45059,42,2
Lee,South Carolina,45061,69,8
Lexington,South Carolina,45063,440,17
Marion,South Carolina,45067,41,2
Marlboro,South Carolina,45069,54,1
McCormick,South Carolina,45065,7,1
Newberry,South Carolina,45071,31,1
Oconee,South Carolina,45073,29,0
Orangeburg,South Carolina,45075,94,2
Pickens,South Carolina,45077,61,1
Richland,South Carolina,45079,990,47
Saluda,South Carolina,45081,70,0
Spartanburg,South Carolina,45083,317,12
Sumter,South Carolina,45085,270,12
Union,South Carolina,45087,26,0
Williamsburg,South Carolina,45089,94,3
York,South Carolina,45091,219,4
Aurora,South Dakota,46003,1,0
Beadle,South Dakota,46005,21,2
Bon Homme,South Dakota,46009,4,0
Brookings,South Dakota,46011,13,0
Brown,South Dakota,46013,71,0
Buffalo,South Dakota,46017,1,0
Charles Mix,South Dakota,46023,5,0
Clark,South Dakota,46025,1,0
Clay,South Dakota,46027,7,0
Codington,South Dakota,46029,15,0
Corson,South Dakota,46031,1,0
Davison,South Dakota,46035,7,1
Day,South Dakota,46037,8,0
Deuel,South Dakota,46039,1,0
Dewey,South Dakota,46041,1,0
Douglas,South Dakota,46043,1,0
Fall River,South Dakota,46047,2,0
Faulk,South Dakota,46049,1,0
Hamlin,South Dakota,46057,2,0
Hand,South Dakota,46059,1,0
Hughes,South Dakota,46065,13,0
Hutchinson,South Dakota,46067,3,0
Hyde,South Dakota,46069,1,0
Jerauld,South Dakota,46073,6,1
Lake,South Dakota,46079,4,0
Lawrence,South Dakota,46081,9,0
Lincoln,South Dakota,46083,164,0
Lyman,South Dakota,46085,3,0
Marshall,South Dakota,46091,1,0
McCook,South Dakota,46087,4,1
McPherson,South Dakota,46089,1,0
Meade,South Dakota,46093,2,0
Miner,South Dakota,46097,1,0
Minnehaha,South Dakota,46099,2195,19
Moody,South Dakota,46101,6,0
Oglala Lakota,South Dakota,46102,1,0
Pennington,South Dakota,46103,16,0
Roberts,South Dakota,46109,10,0
Sanborn,South Dakota,46111,3,0
Spink,South Dakota,46115,3,0
Stanley,South Dakota,46117,8,0
Sully,South Dakota,46119,1,0
Todd,South Dakota,46121,6,0
Turner,South Dakota,46125,17,0
Union,South Dakota,46127,46,0
Walworth,South Dakota,46129,5,0
Yankton,South Dakota,46135,28,0
Anderson,Tennessee,47001,29,1
Bedford,Tennessee,47003,201,3
Benton,Tennessee,47005,6,1
Bledsoe,Tennessee,47007,601,0
Blount,Tennessee,47009,73,3
Bradley,Tennessee,47011,59,1
Campbell,Tennessee,47013,17,1
Cannon,Tennessee,47015,12,0
Carroll,Tennessee,47017,22,1
Carter,Tennessee,47019,16,1
Cheatham,Tennessee,47021,57,0
Chester,Tennessee,47023,10,0
Claiborne,Tennessee,47025,6,0
Clay,Tennessee,47027,5,0
Cocke,Tennessee,47029,19,0
Coffee,Tennessee,47031,45,0
Crockett,Tennessee,47033,9,0
Cumberland,Tennessee,47035,84,1
Davidson,Tennessee,47037,3322,32
DeKalb,Tennessee,47041,25,0
Decatur,Tennessee,47039,4,0
Dickson,Tennessee,47043,84,0
Dyer,Tennessee,47045,40,0
Fayette,Tennessee,47047,69,1
Fentress,Tennessee,47049,5,0
Franklin,Tennessee,47051,36,1
Gibson,Tennessee,47053,53,1
Giles,Tennessee,47055,8,0
Grainger,Tennessee,47057,7,0
Greene,Tennessee,47059,43,2
Grundy,Tennessee,47061,28,1
Hamblen,Tennessee,47063,23,2
Hamilton,Tennessee,47065,184,14
Hardeman,Tennessee,47069,20,0
Hardin,Tennessee,47071,7,0
Hawkins,Tennessee,47073,31,2
Haywood,Tennessee,47075,27,1
Henderson,Tennessee,47077,10,0
Henry,Tennessee,47079,13,0
Hickman,Tennessee,47081,47,0
Houston,Tennessee,47083,6,0
Humphreys,Tennessee,47085,11,1
Jackson,Tennessee,47087,7,0
Jefferson,Tennessee,47089,27,0
Johnson,Tennessee,47091,5,0
Knox,Tennessee,47093,251,5
Lake,Tennessee,47095,58,0
Lauderdale,Tennessee,47097,25,0
Lawrence,Tennessee,47099,17,0
Lewis,Tennessee,47101,2,0
Lincoln,Tennessee,47103,16,0
Loudon,Tennessee,47105,39,0
Macon,Tennessee,47111,113,12
Madison,Tennessee,47113,140,1
Marion,Tennessee,47115,29,1
Marshall,Tennessee,47117,24,1
Maury,Tennessee,47119,49,1
McMinn,Tennessee,47107,106,2
McNairy,Tennessee,47109,11,0
Meigs,Tennessee,47121,10,0
Monroe,Tennessee,47123,32,1
Montgomery,Tennessee,47125,151,2
Moore,Tennessee,47127,3,0
Morgan,Tennessee,47129,6,0
Obion,Tennessee,47131,16,1
Overton,Tennessee,47133,10,0
Perry,Tennessee,47135,12,0
Polk,Tennessee,47139,12,0
Putnam,Tennessee,47141,160,5
Rhea,Tennessee,47143,6,0
Roane,Tennessee,47145,8,0
Robertson,Tennessee,47147,185,0
Rutherford,Tennessee,47149,620,12
Scott,Tennessee,47151,12,0
Sequatchie,Tennessee,47153,5,0
Sevier,Tennessee,47155,60,2
Shelby,Tennessee,47157,2922,60
Smith,Tennessee,47159,23,1
Stewart,Tennessee,47161,7,0
Sullivan,Tennessee,47163,59,1
Sumner,Tennessee,47165,665,38
Tipton,Tennessee,47167,149,1
Trousdale,Tennessee,47169,1352,2
Unicoi,Tennessee,47171,2,0
Union,Tennessee,47173,3,0
Van Buren,Tennessee,47175,2,0
Warren,Tennessee,47177,8,0
Washington,Tennessee,47179,58,0
Wayne,Tennessee,47181,4,0
Weakley,Tennessee,47183,25,0
White,Tennessee,47185,15,0
Williamson,Tennessee,47187,439,9
Wilson,Tennessee,47189,281,5
Anderson,Texas,48001,34,0
Andrews,Texas,48003,21,0
Angelina,Texas,48005,79,0
Aransas,Texas,48007,2,0
Armstrong,Texas,48011,2,0
Atascosa,Texas,48013,19,1
Austin,Texas,48015,13,0
Bailey,Texas,48017,1,0
Bandera,Texas,48019,6,0
Bastrop,Texas,48021,98,2
Bee,Texas,48025,6,0
Bell,Texas,48027,210,3
Bexar,Texas,48029,1689,52
Blanco,Texas,48031,6,0
Bosque,Texas,48035,5,0
Bowie,Texas,48037,104,10
Brazoria,Texas,48039,570,7
Brazos,Texas,48041,219,17
Brewster,Texas,48043,1,0
Briscoe,Texas,48045,1,0
Brooks,Texas,48047,1,0
Brown,Texas,48049,38,6
Burleson,Texas,48051,14,0
Burnet,Texas,48053,24,0
Caldwell,Texas,48055,23,0
Calhoun,Texas,48057,34,3
Callahan,Texas,48059,2,0
Cameron,Texas,48061,443,18
Camp,Texas,48063,7,0
Carson,Texas,48065,3,0
Cass,Texas,48067,16,2
Castro,Texas,48069,18,1
Chambers,Texas,48071,45,0
Cherokee,Texas,48073,19,1
Childress,Texas,48075,1,0
Clay,Texas,48077,3,0
Cochran,Texas,48079,1,0
Coke,Texas,48081,1,0
Coleman,Texas,48083,1,0
Collin,Texas,48085,830,22
Collingsworth,Texas,48087,1,0
Colorado,Texas,48089,10,0
Comal,Texas,48091,59,6
Comanche,Texas,48093,3,1
Concho,Texas,48095,1,0
Cooke,Texas,48097,9,0
Coryell,Texas,48099,180,2
Cottle,Texas,48101,3,0
Crane,Texas,48103,2,0
Crosby,Texas,48107,2,1
Dallam,Texas,48111,10,1
Dallas,Texas,48113,4623,121
Dawson,Texas,48115,29,1
DeWitt,Texas,48123,15,1
Deaf Smith,Texas,48117,38,0
Delta,Texas,48119,1,0
Denton,Texas,48121,832,22
Dickens,Texas,48125,1,0
Dimmit,Texas,48127,1,0
Donley,Texas,48129,25,0
Duval,Texas,48131,3,0
Eastland,Texas,48133,3,0
Ector,Texas,48135,85,4
El Paso,Texas,48141,1080,22
Ellis,Texas,48139,176,6
Erath,Texas,48143,12,1
Falls,Texas,48145,6,0
Fannin,Texas,48147,20,0
Fayette,Texas,48149,17,1
Floyd,Texas,48153,4,0
Fort Bend,Texas,48157,1245,30
Franklin,Texas,48159,2,0
Freestone,Texas,48161,7,0
Frio,Texas,48163,10,0
Gaines,Texas,48165,3,0
Galveston,Texas,48167,659,28
Garza,Texas,48169,3,0
Gillespie,Texas,48171,4,0
Glasscock,Texas,48173,1,0
Goliad,Texas,48175,7,0
Gonzales,Texas,48177,31,2
Gray,Texas,48179,68,0
Grayson,Texas,48181,53,0
Gregg,Texas,48183,97,0
Grimes,Texas,48185,22,1
Guadalupe,Texas,48187,87,0
Hale,Texas,48189,29,4
Hamilton,Texas,48193,5,0
Hansford,Texas,48195,11,2
Hardin,Texas,48199,112,3
Harris,Texas,48201,7128,144
Harrison,Texas,48203,149,6
Hartley,Texas,48205,7,1
Hays,Texas,48209,183,1
Hemphill,Texas,48211,1,0
Henderson,Texas,48213,32,0
Hidalgo,Texas,48215,353,7
Hill,Texas,48217,18,1
Hockley,Texas,48219,20,1
Hood,Texas,48221,19,3
Hopkins,Texas,48223,6,0
Houston,Texas,48225,8,0
Howard,Texas,48227,5,1
Hunt,Texas,48231,52,3
Hutchinson,Texas,48233,19,0
Jack,Texas,48237,4,0
Jackson,Texas,48239,14,0
Jasper,Texas,48241,18,1
Jefferson,Texas,48245,337,23
Jim Hogg,Texas,48247,3,0
Jim Wells,Texas,48249,5,0
Johnson,Texas,48251,102,4
Jones,Texas,48253,78,0
Karnes,Texas,48255,3,0
Kaufman,Texas,48257,96,1
Kendall,Texas,48259,17,0
Kerr,Texas,48265,5,0
Kleberg,Texas,48273,10,1
Knox,Texas,48275,1,0
La Salle,Texas,48283,1,0
Lamar,Texas,48277,69,0
Lamb,Texas,48279,4,0
Lampasas,Texas,48281,5,0
Lavaca,Texas,48285,6,1
Lee,Texas,48287,2,0
Leon,Texas,48289,7,0
Liberty,Texas,48291,46,1
Limestone,Texas,48293,13,1
Lipscomb,Texas,48295,2,0
Live Oak,Texas,48297,5,0
Llano,Texas,48299,3,0
Lubbock,Texas,48303,567,46
Lynn,Texas,48305,5,1
Madison,Texas,48313,2,0
Marion,Texas,48315,15,0
Martin,Texas,48317,3,1
Mason,Texas,48319,26,0
Matagorda,Texas,48321,64,3
Maverick,Texas,48323,26,0
McCulloch,Texas,48307,3,0
McLennan,Texas,48309,92,4
Medina,Texas,48325,20,2
Midland,Texas,48329,91,8
Milam,Texas,48331,18,1
Mitchell,Texas,48335,1,0
Montague,Texas,48337,8,1
Montgomery,Texas,48339,662,15
Moore,Texas,48341,434,6
Morris,Texas,48343,9,0
Motley,Texas,48345,1,0
Nacogdoches,Texas,48347,187,7
Navarro,Texas,48349,31,2
Newton,Texas,48351,2,0
Nolan,Texas,48353,2,0
Nueces,Texas,48355,114,3
Ochiltree,Texas,48357,25,1
Oldham,Texas,48359,3,1
Orange,Texas,48361,77,2
Palo Pinto,Texas,48363,8,1
Panola,Texas,48365,135,5
Parker,Texas,48367,40,0
Parmer,Texas,48369,13,0
Pecos,Texas,48371,13,0
Polk,Texas,48373,30,0
Potter,Texas,48375,907,12
Rains,Texas,48379,2,0
Randall,Texas,48381,296,3
Red River,Texas,48387,1,0
Refugio,Texas,48391,1,0
Roberts,Texas,48393,2,0
Robertson,Texas,48395,4,0
Rockwall,Texas,48397,91,3
Runnels,Texas,48399,2,0
Rusk,Texas,48401,38,1
Sabine,Texas,48403,1,0
San Augustine,Texas,48405,19,1
San Jacinto,Texas,48407,10,0
San Patricio,Texas,48409,13,0
Scurry,Texas,48415,2,0
Shelby,Texas,48419,129,4
Sherman,Texas,48421,18,0
Smith,Texas,48423,156,4
Starr,Texas,48427,10,0
Stephens,Texas,48429,1,0
Swisher,Texas,48437,10,0
Tarrant,Texas,48439,2686,83
Taylor,Texas,48441,378,6
Terry,Texas,48445,12,0
Titus,Texas,48449,21,0
Tom Green,Texas,48451,56,1
Travis,Texas,48453,1876,58
Trinity,Texas,48455,9,0
Tyler,Texas,48457,7,0
Upshur,Texas,48459,15,0
Uvalde,Texas,48463,7,0
Val Verde,Texas,48465,13,0
Van Zandt,Texas,48467,16,1
Victoria,Texas,48469,143,5
Walker,Texas,48471,293,2
Waller,Texas,48473,33,0
Washington,Texas,48477,147,18
Webb,Texas,48479,400,17
Wharton,Texas,48481,41,0
Wheeler,Texas,48483,11,0
Wichita,Texas,48485,70,2
Wilbarger,Texas,48487,1,0
Willacy,Texas,48489,13,1
Williamson,Texas,48491,333,11
Wilson,Texas,48493,34,3
Winkler,Texas,48495,3,0
Wise,Texas,48497,27,2
Wood,Texas,48499,11,0
Yoakum,Texas,48501,2,0
Young,Texas,48503,4,1
Zapata,Texas,48505,7,0
Zavala,Texas,48507,1,0
Box Elder,Utah,49003,18,1
Cache,Utah,49005,44,0
Carbon,Utah,49007,7,0
Davis,Utah,49011,302,2
Duchesne,Utah,49013,8,0
Emery,Utah,49015,5,0
Garfield,Utah,49017,3,0
Grand,Utah,49019,4,0
Iron,Utah,49021,26,0
Juab,Utah,49023,7,0
Kane,Utah,49025,3,0
Millard,Utah,49027,5,0
Morgan,Utah,49029,9,0
Salt Lake,Utah,49035,2832,35
San Juan,Utah,49037,119,2
Sanpete,Utah,49039,6,0
Sevier,Utah,49041,7,0
Summit,Utah,49043,382,0
Tooele,Utah,49045,70,0
Uintah,Utah,49047,6,0
Unknown,Utah,,0,3
Utah,Utah,49049,1171,10
Wasatch,Utah,49051,166,1
Washington,Utah,49053,85,0
Weber,Utah,49057,164,2
Addison,Vermont,50001,61,2
Bennington,Vermont,50003,54,1
Caledonia,Vermont,50005,14,0
Chittenden,Vermont,50007,425,36
Essex,Vermont,50009,2,0
Franklin,Vermont,50011,99,5
Grand Isle,Vermont,50013,4,0
Lamoille,Vermont,50015,26,2
Orange,Vermont,50017,8,0
Orleans,Vermont,50019,9,0
Rutland,Vermont,50021,50,1
Unknown,Vermont,,4,0
Washington,Vermont,50023,35,1
Windham,Vermont,50025,73,3
Windsor,Vermont,50027,43,2
Unknown,Virgin Islands,,66,4
Accomack,Virginia,51001,429,7
Albemarle,Virginia,51003,110,4
Alexandria city,Virginia,51510,983,26
Alleghany,Virginia,51005,6,0
Amelia,Virginia,51007,18,1
Amherst,Virginia,51009,15,0
Appomattox,Virginia,51011,21,0
Arlington,Virginia,51013,1169,49
Augusta,Virginia,51015,47,1
Bedford,Virginia,51019,36,0
Botetourt,Virginia,51023,29,3
Bristol city,Virginia,51520,2,0
Brunswick,Virginia,51025,15,0
Buchanan,Virginia,51027,16,0
Buckingham,Virginia,51029,171,0
Buena Vista city,Virginia,51530,6,0
Campbell,Virginia,51031,13,0
Caroline,Virginia,51033,34,1
Carroll,Virginia,51035,19,0
Charles City,Virginia,51036,17,1
Charlotte,Virginia,51037,11,0
Charlottesville city,Virginia,51540,64,2
Chesapeake city,Virginia,51550,293,9
Chesterfield,Virginia,51041,646,25
Clarke,Virginia,51043,12,0
Colonial Heights city,Virginia,51570,58,6
Craig,Virginia,51045,4,0
Culpeper,Virginia,51047,201,3
Cumberland,Virginia,51049,12,0
Danville city,Virginia,51590,37,1
Dinwiddie,Virginia,51053,25,0
Emporia city,Virginia,51595,46,3
Essex,Virginia,51057,17,0
Fairfax,Virginia,51059,4834,201
Fairfax city,Virginia,51600,33,2
Falls Church city,Virginia,51610,36,4
Fauquier,Virginia,51061,147,3
Floyd,Virginia,51063,3,0
Fluvanna,Virginia,51065,76,6
Franklin,Virginia,51067,23,0
Franklin city,Virginia,51620,23,1
Frederick,Virginia,51069,132,1
Fredericksburg city,Virginia,51630,45,0
Galax city,Virginia,51640,25,0
Giles,Virginia,51071,4,0
Gloucester,Virginia,51073,26,1
Goochland,Virginia,51075,80,5
Grayson,Virginia,51077,5,0
Greene,Virginia,51079,13,1
Greensville,Virginia,51081,41,7
Halifax,Virginia,51083,18,0
Hampton city,Virginia,51650,128,3
Hanover,Virginia,51085,145,13
Harrisonburg city,Virginia,51660,525,19
Henrico,Virginia,51087,985,106
Henry,Virginia,51089,19,1
Highland,Virginia,51091,2,0
Hopewell city,Virginia,51670,31,0
Isle of Wight,Virginia,51093,100,3
James City,Virginia,51095,166,14
King George,Virginia,51099,36,4
King William,Virginia,51101,10,1
King and Queen,Virginia,51097,3,0
Lancaster,Virginia,51103,5,0
Lee,Virginia,51105,10,0
Lexington city,Virginia,51678,5,0
Loudoun,Virginia,51107,998,24
Louisa,Virginia,51109,50,0
Lunenburg,Virginia,51111,4,0
Lynchburg city,Virginia,51680,65,1
Madison,Virginia,51113,17,1
Manassas Park city,Virginia,51685,96,2
Manassas city,Virginia,51683,289,1
Mathews,Virginia,51115,4,0
Mecklenburg,Virginia,51117,106,10
Middlesex,Virginia,51119,7,0
Montgomery,Virginia,51121,61,1
Nelson,Virginia,51125,9,0
New Kent,Virginia,51127,26,1
Newport News city,Virginia,51700,133,9
Norfolk city,Virginia,51710,251,4
Northampton,Virginia,51131,140,1
Northumberland,Virginia,51133,9,0
Norton city,Virginia,51720,2,0
Nottoway,Virginia,51135,14,0
Orange,Virginia,51137,41,0
Page,Virginia,51139,113,5
Patrick,Virginia,51141,2,0
Petersburg city,Virginia,51730,40,2
Pittsylvania,Virginia,51143,16,1
Poquoson city,Virginia,51735,7,0
Portsmouth city,Virginia,51740,187,8
Powhatan,Virginia,51145,15,0
Prince Edward,Virginia,51147,58,2
Prince George,Virginia,51149,40,0
Prince William,Virginia,51153,2223,33
Pulaski,Virginia,51155,9,0
Radford city,Virginia,51750,3,0
Rappahannock,Virginia,51157,6,0
Richmond,Virginia,51159,143,1
Richmond city,Virginia,51760,438,16
Roanoke,Virginia,51161,57,0
Roanoke city,Virginia,51770,82,0
Rockbridge,Virginia,51163,8,0
Rockingham,Virginia,51165,282,1
Russell,Virginia,51167,5,0
Salem city,Virginia,51775,31,0
Scott,Virginia,51169,7,1
Shenandoah,Virginia,51171,165,3
Smyth,Virginia,51173,13,0
Southampton,Virginia,51175,128,1
Spotsylvania,Virginia,51177,206,4
Stafford,Virginia,51179,308,2
Staunton city,Virginia,51790,13,0
Suffolk city,Virginia,51800,205,15
Surry,Virginia,51181,4,1
Sussex,Virginia,51183,32,1
Tazewell,Virginia,51185,6,0
Unknown,Virginia,,2,0
Virginia Beach city,Virginia,51810,445,15
Warren,Virginia,51187,68,0
Washington,Virginia,51191,40,3
Waynesboro city,Virginia,51820,16,0
Westmoreland,Virginia,51193,30,0
Williamsburg city,Virginia,51830,27,2
Winchester city,Virginia,51840,56,0
Wise,Virginia,51195,22,1
Wythe,Virginia,51197,12,1
York,Virginia,51199,48,1
Adams,Washington,53001,48,0
Asotin,Washington,53003,18,2
Benton,Washington,53005,537,46
Chelan,Washington,53007,128,6
Clallam,Washington,53009,19,0
Clark,Washington,53011,368,22
Columbia,Washington,53013,1,0
Cowlitz,Washington,53015,60,0
Douglas,Washington,53017,84,2
Ferry,Washington,53019,1,0
Franklin,Washington,53021,379,13
Grant,Washington,53025,181,2
Grays Harbor,Washington,53027,12,0
Island,Washington,53029,175,9
Jefferson,Washington,53031,28,0
King,Washington,53033,6655,471
Kitsap,Washington,53035,152,2
Kittitas,Washington,53037,14,0
Klickitat,Washington,53039,17,3
Lewis,Washington,53041,29,3
Lincoln,Washington,53043,2,0
Mason,Washington,53045,26,1
Okanogan,Washington,53047,25,1
Pacific,Washington,53049,4,0
Pend Oreille,Washington,53051,2,0
Pierce,Washington,53053,1558,54
San Juan,Washington,53055,14,0
Skagit,Washington,53057,364,13
Skamania,Washington,53059,3,0
Snohomish,Washington,53061,2573,110
Spokane,Washington,53063,379,23
Stevens,Washington,53065,9,1
Thurston,Washington,53067,113,1
Wahkiakum,Washington,53069,2,0
Walla Walla,Washington,53071,93,0
Whatcom,Washington,53073,318,29
Whitman,Washington,53075,16,0
Yakima,Washington,53077,1440,49
Barbour,West Virginia,54001,6,1
Berkeley,West Virginia,54003,166,2
Boone,West Virginia,54005,6,0
Braxton,West Virginia,54007,2,0
Brooke,West Virginia,54009,3,0
Cabell,West Virginia,54011,44,0
Calhoun,West Virginia,54013,1,0
Fayette,West Virginia,54019,20,0
Gilmer,West Virginia,54021,3,0
Grant,West Virginia,54023,3,0
Greenbrier,West Virginia,54025,7,0
Hampshire,West Virginia,54027,8,1
Hancock,West Virginia,54029,11,0
Hardy,West Virginia,54031,9,0
Harrison,West Virginia,54033,31,1
Jackson,West Virginia,54035,134,15
Jefferson,West Virginia,54037,83,1
Kanawha,West Virginia,54039,170,10
Lewis,West Virginia,54041,4,0
Lincoln,West Virginia,54043,2,0
Logan,West Virginia,54045,14,1
Marion,West Virginia,54049,46,2
Marshall,West Virginia,54051,19,0
Mason,West Virginia,54053,12,0
McDowell,West Virginia,54047,6,0
Mercer,West Virginia,54055,11,0
Mineral,West Virginia,54057,18,0
Mingo,West Virginia,54059,2,1
Monongalia,West Virginia,54061,108,5
Monroe,West Virginia,54063,6,0
Morgan,West Virginia,54065,14,0
Nicholas,West Virginia,54067,8,0
Ohio,West Virginia,54069,34,1
Pendleton,West Virginia,54071,5,0
Pleasants,West Virginia,54073,2,0
Pocahontas,West Virginia,54075,2,0
Preston,West Virginia,54077,13,0
Putnam,West Virginia,54079,27,0
Raleigh,West Virginia,54081,9,0
Randolph,West Virginia,54083,5,0
Ritchie,West Virginia,54085,1,0
Roane,West Virginia,54087,6,0
Summers,West Virginia,54089,1,0
Taylor,West Virginia,54091,9,0
Tucker,West Virginia,54093,4,0
Tyler,West Virginia,54095,3,0
Upshur,West Virginia,54097,5,0
Wayne,West Virginia,54099,91,7
Wetzel,West Virginia,54103,3,0
Wirt,West Virginia,54105,3,0
Wood,West Virginia,54107,42,2
Wyoming,West Virginia,54109,1,0
Adams,Wisconsin,55001,4,1
Ashland,Wisconsin,55003,2,0
Barron,Wisconsin,55005,7,0
Bayfield,Wisconsin,55007,3,1
Brown,Wisconsin,55009,1545,9
Buffalo,Wisconsin,55011,6,1
Calumet,Wisconsin,55015,20,0
Chippewa,Wisconsin,55017,25,0
Clark,Wisconsin,55019,21,4
Columbia,Wisconsin,55021,32,1
Crawford,Wisconsin,55023,7,0
Dane,Wisconsin,55025,443,22
Dodge,Wisconsin,55027,40,1
Door,Wisconsin,55029,18,3
Douglas,Wisconsin,55031,9,0
Dunn,Wisconsin,55033,13,0
Eau Claire,Wisconsin,55035,42,0
Florence,Wisconsin,55037,2,0
Fond du Lac,Wisconsin,55039,77,3
Grant,Wisconsin,55043,55,7
Green,Wisconsin,55045,20,0
Green Lake,Wisconsin,55047,5,0
Iowa,Wisconsin,55049,7,0
Iron,Wisconsin,55051,2,1
Jackson,Wisconsin,55053,12,1
Jefferson,Wisconsin,55055,46,0
Juneau,Wisconsin,55057,18,1
Kenosha,Wisconsin,55059,571,14
Kewaunee,Wisconsin,55061,22,1
La Crosse,Wisconsin,55063,32,0
Lafayette,Wisconsin,55065,6,0
Lincoln,Wisconsin,55069,1,0
Manitowoc,Wisconsin,55071,16,1
Marathon,Wisconsin,55073,21,1
Marinette,Wisconsin,55075,11,1
Marquette,Wisconsin,55077,3,1
Menominee,Wisconsin,55078,1,0
Milwaukee,Wisconsin,55079,3353,201
Monroe,Wisconsin,55081,14,1
Oconto,Wisconsin,55083,20,0
Oneida,Wisconsin,55085,6,0
Outagamie,Wisconsin,55087,77,2
Ozaukee,Wisconsin,55089,95,9
Pierce,Wisconsin,55093,11,0
Polk,Wisconsin,55095,4,0
Portage,Wisconsin,55097,7,0
Price,Wisconsin,55099,1,0
Racine,Wisconsin,55101,535,15
Richland,Wisconsin,55103,13,2
Rock,Wisconsin,55105,301,9
Rusk,Wisconsin,55107,4,0
Sauk,Wisconsin,55111,67,3
Sawyer,Wisconsin,55113,4,0
Shawano,Wisconsin,55115,17,0
Sheboygan,Wisconsin,55117,55,2
St. Croix,Wisconsin,55109,21,0
Trempealeau,Wisconsin,55121,4,0
Vernon,Wisconsin,55123,2,0
Vilas,Wisconsin,55125,4,0
Walworth,Wisconsin,55127,212,8
Washburn,Wisconsin,55129,1,0
Washington,Wisconsin,55131,106,4
Waukesha,Wisconsin,55133,368,20
Waupaca,Wisconsin,55135,10,1
Waushara,Wisconsin,55137,4,0
Winnebago,Wisconsin,55139,83,1
Wood,Wisconsin,55141,2,0
Albany,Wyoming,56001,8,0
Big Horn,Wyoming,56003,2,0
Campbell,Wyoming,56005,15,0
Carbon,Wyoming,56007,5,0
Converse,Wyoming,56009,14,0
Crook,Wyoming,56011,5,0
Fremont,Wyoming,56013,131,4
Goshen,Wyoming,56015,3,0
Hot Springs,Wyoming,56017,2,0
Johnson,Wyoming,56019,11,1
Laramie,Wyoming,56021,108,1
Lincoln,Wyoming,56023,7,0
Natrona,Wyoming,56025,38,0
Niobrara,Wyoming,56027,1,0
Park,Wyoming,56029,1,0
Sheridan,Wyoming,56033,12,0
Sublette,Wyoming,56035,1,0
Sweetwater,Wyoming,56037,11,0
Teton,Wyoming,56039,67,1
Uinta,Wyoming,56041,6,0
Washakie,Wyoming,56043,4,0
