county,state,fips,cases,deaths
Autauga,Alabama,01001,6,0
Baldwin,Alabama,01003,5,0
Blount,Alabama,01009,5,0
Bullock,Alabama,01011,2,0
Butler,Alabama,01013,1,0
Calhoun,Alabama,01015,3,0
Chambers,Alabama,01017,15,0
Cherokee,Alabama,01019,1,0
Chilton,Alabama,01021,7,0
Choctaw,Alabama,01023,1,0
Clay,Alabama,01027,1,0
Cleburne,Alabama,01029,3,0
Colbert,Alabama,01033,1,0
Coosa,Alabama,01037,2,0
Covington,Alabama,01039,2,0
Crenshaw,Alabama,01041,1,0
Cullman,Alabama,01043,7,0
Dallas,Alabama,01047,2,0
DeKalb,Alabama,01049,4,0
Elmore,Alabama,01051,12,0
Escambia,Alabama,01053,1,0
Etowah,Alabama,01055,5,0
Franklin,Alabama,01059,3,0
Greene,Alabama,01063,1,0
Houston,Alabama,01069,4,0
Jackson,Alabama,01071,5,1
Jefferson,Alabama,01073,179,0
Lamar,Alabama,01075,1,0
Lauderdale,Alabama,01077,11,1
Lawrence,Alabama,01079,3,0
Lee,Alabama,01081,53,0
Limestone,Alabama,01083,16,0
Lowndes,Alabama,01085,1,0
Madison,Alabama,01089,61,1
Marengo,Alabama,01091,2,0
Marion,Alabama,01093,7,0
Marshall,Alabama,01095,4,0
Mobile,Alabama,01097,23,1
Montgomery,Alabama,01101,18,0
Morgan,Alabama,01103,13,0
Pickens,Alabama,01107,1,0
Pike,Alabama,01109,4,0
Randolph,Alabama,01111,1,0
Russell,Alabama,01113,1,0
Shelby,Alabama,01117,70,0
St. Clair,Alabama,01115,9,0
Talladega,Alabama,01121,4,0
Tallapoosa,Alabama,01123,5,0
Tuscaloosa,Alabama,01125,22,0
Walker,Alabama,01127,24,0
Washington,Alabama,01129,2,0
Wilcox,Alabama,01131,2,0
Winston,Alabama,01133,2,0
Anchorage,Alaska,02020,43,1
Fairbanks North Star Borough,Alaska,02090,19,0
Juneau City and Borough,Alaska,02110,4,0
Kenai Peninsula Borough,Alaska,02122,5,0
Ketchikan Gateway Borough,Alaska,02130,12,0
Matanuska-Susitna Borough,Alaska,02170,2,0
Apache,Arizona,04001,11,0
Cochise,Arizona,04003,2,0
Coconino,Arizona,04005,41,2
Graham,Arizona,04009,4,0
La Paz,Arizona,04012,2,0
Maricopa,Arizona,04013,399,5
Mohave,Arizona,04015,4,0
Navajo,Arizona,04017,49,0
Pima,Arizona,04019,102,4
Pinal,Arizona,04021,36,0
Santa Cruz,Arizona,04023,2,0
Yavapai,Arizona,04025,9,0
Yuma,Arizona,04027,4,0
Baxter,Arkansas,05005,1,0
Benton,Arkansas,05007,24,0
Boone,Arkansas,05009,1,0
Bradley,Arkansas,05011,4,0
Chicot,Arkansas,05017,1,0
Clark,Arkansas,05019,17,0
Cleburne,Arkansas,05023,49,2
Cleveland,Arkansas,05025,4,0
Columbia,Arkansas,05027,1,0
Conway,Arkansas,05029,2,0
Craighead,Arkansas,05031,4,0
Crawford,Arkansas,05033,1,0
Crittenden,Arkansas,05035,12,0
Cross,Arkansas,05037,1,0
Desha,Arkansas,05041,2,0
Drew,Arkansas,05043,2,0
Faulkner,Arkansas,05045,28,0
Garland,Arkansas,05051,20,0
Grant,Arkansas,05053,3,0
Greene,Arkansas,05055,3,0
Hempstead,Arkansas,05057,1,0
Hot Spring,Arkansas,05059,2,0
Howard,Arkansas,05061,3,0
Independence,Arkansas,05063,3,0
Jefferson,Arkansas,05069,23,0
Lawrence,Arkansas,05075,3,0
Lincoln,Arkansas,05079,6,0
Lonoke,Arkansas,05085,4,0
Pike,Arkansas,05109,2,0
Poinsett,Arkansas,05111,3,0
Polk,Arkansas,05113,2,0
Pope,Arkansas,05115,3,0
Pulaski,Arkansas,05119,89,1
Randolph,Arkansas,05121,2,0
Saline,Arkansas,05125,4,0
Searcy,Arkansas,05129,4,0
Sebastian,Arkansas,05131,3,0
Sevier,Arkansas,05133,1,0
Stone,Arkansas,05137,4,0
Union,Arkansas,05139,2,0
Unknown,Arkansas,,61,1
Van Buren,Arkansas,05141,17,0
Washington,Arkansas,05143,13,0
White,Arkansas,05145,6,0
Woodruff,Arkansas,05147,1,0
Alameda,California,06001,241,4
Amador,California,06005,2,0
Butte,California,06007,5,0
Calaveras,California,06009,3,0
Colusa,California,06011,1,0
Contra Costa,California,06013,151,2
El Dorado,California,06017,12,0
Fresno,California,06019,31,0
Humboldt,California,06023,14,0
Imperial,California,06025,21,0
Inyo,California,06027,5,0
Kern,California,06029,41,1
Kings,California,06031,1,0
Los Angeles,California,06037,1465,27
Madera,California,06039,11,1
Marin,California,06041,69,1
Mendocino,California,06045,2,0
Merced,California,06047,7,0
Mono,California,06051,8,0
Monterey,California,06053,27,1
Napa,California,06055,10,0
Nevada,California,06057,12,0
Orange,California,06059,321,3
Placer,California,06061,41,1
Riverside,California,06065,185,8
Sacramento,California,06067,164,6
San Benito,California,06069,11,1
San Bernardino,California,06071,64,3
San Diego,California,06073,417,5
San Francisco,California,06075,282,3
San Joaquin,California,06077,93,4
San Luis Obispo,California,06079,59,0
San Mateo,California,06081,239,6
Santa Barbara,California,06083,47,0
Santa Clara,California,06085,574,21
Santa Cruz,California,06087,34,0
Shasta,California,06089,3,1
Siskiyou,California,06093,3,0
Solano,California,06095,39,0
Sonoma,California,06097,50,1
Stanislaus,California,06099,23,0
Sutter,California,06101,2,0
Tulare,California,06107,24,0
Unknown,California,,1,0
Ventura,California,06111,83,3
Yolo,California,06113,16,1
Yuba,California,06115,3,0
Adams,Colorado,08001,71,0
Alamosa,Colorado,08003,1,0
Arapahoe,Colorado,08005,155,1
Boulder,Colorado,08013,76,1
Broomfield,Colorado,08014,13,0
Chaffee,Colorado,08015,5,1
Clear Creek,Colorado,08019,3,0
Costilla,Colorado,08023,1,0
Crowley,Colorado,08025,1,1
Delta,Colorado,08029,2,0
Denver,Colorado,08031,312,3
Douglas,Colorado,08035,79,0
Eagle,Colorado,08037,170,1
El Paso,Colorado,08041,160,7
Elbert,Colorado,08039,3,0
Fremont,Colorado,08043,1,0
Garfield,Colorado,08045,16,0
Grand,Colorado,08049,2,0
Gunnison,Colorado,08051,66,1
Hinsdale,Colorado,08053,1,0
Huerfano,Colorado,08055,1,0
Jefferson,Colorado,08059,158,5
Kit Carson,Colorado,08063,2,0
La Plata,Colorado,08067,13,0
Larimer,Colorado,08069,67,1
Lincoln,Colorado,08073,1,0
Logan,Colorado,08075,3,0
Mesa,Colorado,08077,7,0
Montrose,Colorado,08085,6,0
Morgan,Colorado,08087,4,0
Otero,Colorado,08089,2,0
Park,Colorado,08093,1,0
Pitkin,Colorado,08097,25,0
Pueblo,Colorado,08101,7,1
Rio Grande,Colorado,08105,2,0
Routt,Colorado,08107,12,0
San Miguel,Colorado,08113,1,0
Summit,Colorado,08117,10,0
Teller,Colorado,08119,7,1
Unknown,Colorado,,136,0
Washington,Colorado,08121,1,0
Weld,Colorado,08123,129,6
Yuma,Colorado,08125,2,0
Fairfield,Connecticut,09001,752,15
Hartford,Connecticut,09003,189,2
Litchfield,Connecticut,09005,52,0
Middlesex,Connecticut,09007,25,1
New Haven,Connecticut,09009,222,6
New London,Connecticut,09011,15,0
Tolland,Connecticut,09013,33,3
Windham,Connecticut,09015,3,0
Kent,Delaware,10001,21,0
New Castle,Delaware,10003,106,1
Sussex,Delaware,10005,38,1
District of Columbia,District of Columbia,11001,304,4
Alachua,Florida,12001,60,0
Baker,Florida,12003,7,0
Bay,Florida,12005,4,0
Bradford,Florida,12007,1,0
Brevard,Florida,12009,20,0
Broward,Florida,12011,631,10
Charlotte,Florida,12015,8,0
Citrus,Florida,12017,11,1
Clay,Florida,12019,22,4
Collier,Florida,12021,85,0
Columbia,Florida,12023,3,0
DeSoto,Florida,12027,6,0
Duval,Florida,12031,99,3
Escambia,Florida,12033,28,0
Flagler,Florida,12035,12,0
Gadsden,Florida,12039,1,0
Hernando,Florida,12053,12,0
Highlands,Florida,12055,6,1
Hillsborough,Florida,12057,174,2
Indian River,Florida,12061,15,0
Jackson,Florida,12063,1,0
Lake,Florida,12069,32,0
Lee,Florida,12071,95,5
Leon,Florida,12073,15,0
Levy,Florida,12075,1,0
Manatee,Florida,12081,29,1
Marion,Florida,12083,9,0
Martin,Florida,12085,17,0
Miami-Dade,Florida,12086,869,2
Monroe,Florida,12087,19,0
Nassau,Florida,12089,6,0
Okaloosa,Florida,12091,25,0
Orange,Florida,12095,174,4
Osceola,Florida,12097,56,0
Palm Beach,Florida,12099,241,5
Pasco,Florida,12101,25,1
Pinellas,Florida,12103,82,1
Polk,Florida,12105,28,0
Putnam,Florida,12107,12,0
Santa Rosa,Florida,12113,13,1
Sarasota,Florida,12115,43,2
Seminole,Florida,12117,54,0
St. Johns,Florida,12109,42,2
St. Lucie,Florida,12111,17,1
Sumter,Florida,12119,29,0
Suwannee,Florida,12121,1,0
Unknown,Florida,,1,0
Volusia,Florida,12127,43,0
Walton,Florida,12131,14,0
Washington,Florida,12133,1,0
Baker,Georgia,13007,1,1
Baldwin,Georgia,13009,2,0
Barrow,Georgia,13013,7,1
Bartow,Georgia,13015,107,1
Ben Hill,Georgia,13017,2,0
Bibb,Georgia,13021,11,0
Bryan,Georgia,13029,5,0
Burke,Georgia,13033,3,0
Butts,Georgia,13035,3,0
Calhoun,Georgia,13037,2,0
Camden,Georgia,13039,2,0
Carroll,Georgia,13045,61,0
Catoosa,Georgia,13047,1,0
Charlton,Georgia,13049,1,0
Chatham,Georgia,13051,15,0
Chattahoochee,Georgia,13053,1,0
Chattooga,Georgia,13055,1,0
Cherokee,Georgia,13057,50,1
Clarke,Georgia,13059,34,2
Clayton,Georgia,13063,53,1
Clinch,Georgia,13065,1,0
Cobb,Georgia,13067,163,5
Coffee,Georgia,13069,3,0
Colquitt,Georgia,13071,5,0
Columbia,Georgia,13073,10,0
Coweta,Georgia,13077,19,2
Crisp,Georgia,13081,4,0
Dawson,Georgia,13085,2,0
DeKalb,Georgia,13089,219,2
Decatur,Georgia,13087,3,0
Dodge,Georgia,13091,1,0
Dougherty,Georgia,13095,203,12
Douglas,Georgia,13097,32,1
Early,Georgia,13099,13,1
Effingham,Georgia,13103,4,0
Fannin,Georgia,13111,3,0
Fayette,Georgia,13113,22,2
Floyd,Georgia,13115,26,1
Forsyth,Georgia,13117,21,1
Franklin,Georgia,13119,1,0
Fulton,Georgia,13121,347,12
Glynn,Georgia,13127,7,0
Gordon,Georgia,13129,12,1
Greene,Georgia,13133,1,0
Gwinnett,Georgia,13135,121,1
Habersham,Georgia,13137,1,0
Hall,Georgia,13139,30,0
Haralson,Georgia,13143,1,0
Harris,Georgia,13145,1,0
Hart,Georgia,13147,1,0
Heard,Georgia,13149,1,1
Henry,Georgia,13151,44,1
Houston,Georgia,13153,10,1
Irwin,Georgia,13155,3,0
Jackson,Georgia,13157,2,0
Jasper,Georgia,13159,2,0
Jones,Georgia,13169,2,0
Lamar,Georgia,13171,3,0
Laurens,Georgia,13175,7,0
Lee,Georgia,13177,37,1
Liberty,Georgia,13179,1,0
Lincoln,Georgia,13181,3,0
Long,Georgia,13183,1,0
Lowndes,Georgia,13185,20,1
Lumpkin,Georgia,13187,4,0
Macon,Georgia,13193,1,0
Madison,Georgia,13195,3,0
McDuffie,Georgia,13189,1,0
Meriwether,Georgia,13199,3,0
Miller,Georgia,13201,3,0
Mitchell,Georgia,13205,14,0
Monroe,Georgia,13207,3,0
Morgan,Georgia,13211,1,0
Muscogee,Georgia,13215,8,0
Newton,Georgia,13217,15,0
Oconee,Georgia,13219,10,0
Paulding,Georgia,13223,13,0
Peach,Georgia,13225,6,0
Pickens,Georgia,13227,4,1
Pierce,Georgia,13229,1,0
Polk,Georgia,13233,10,0
Pulaski,Georgia,13235,2,0
Randolph,Georgia,13243,3,0
Richmond,Georgia,13245,11,0
Rockdale,Georgia,13247,16,1
Seminole,Georgia,13253,2,0
Spalding,Georgia,13255,11,0
Stephens,Georgia,13257,2,0
Sumter,Georgia,13261,10,0
Tattnall,Georgia,13267,2,0
Taylor,Georgia,13269,1,0
Terrell,Georgia,13273,6,2
Thomas,Georgia,13275,3,0
Tift,Georgia,13277,13,0
Toombs,Georgia,13279,1,0
Troup,Georgia,13285,11,1
Turner,Georgia,13287,2,0
Twiggs,Georgia,13289,2,0
Unknown,Georgia,,217,5
Upson,Georgia,13293,2,0
Ware,Georgia,13299,2,0
Washington,Georgia,13303,2,0
White,Georgia,13311,1,0
Whitfield,Georgia,13313,6,0
Wilkes,Georgia,13317,1,0
Worth,Georgia,13321,7,1
Unknown,Guam,,53,1
Hawaii,Hawaii,15001,7,0
Honolulu,Hawaii,15003,87,0
Kauai,Hawaii,15007,5,0
Maui,Hawaii,15009,16,0
Unknown,Hawaii,,5,0
Ada,Idaho,16001,76,0
Bannock,Idaho,16005,3,0
Bingham,Idaho,16011,1,0
Blaine,Idaho,16013,99,2
Canyon,Idaho,16027,23,1
Cassia,Idaho,16031,1,0
Custer,Idaho,16037,1,0
Fremont,Idaho,16043,1,0
Gem,Idaho,16045,1,0
Idaho,Idaho,16049,1,0
Jefferson,Idaho,16051,2,0
Kootenai,Idaho,16055,11,0
Madison,Idaho,16065,2,0
Nez Perce,Idaho,16069,4,1
Payette,Idaho,16075,1,0
Teton,Idaho,16081,2,0
Twin Falls,Idaho,16083,2,0
Unknown,Idaho,,1,0
Valley,Idaho,16085,1,0
Adams,Illinois,17001,1,0
Bureau,Illinois,17011,1,0
Champaign,Illinois,17019,10,0
Christian,Illinois,17021,1,0
Clinton,Illinois,17027,5,0
Cook,Illinois,17031,2239,20
Cumberland,Illinois,17035,1,0
DeKalb,Illinois,17037,4,0
Douglas,Illinois,17041,1,0
DuPage,Illinois,17043,199,6
Franklin,Illinois,17055,1,0
Grundy,Illinois,17063,2,0
Henry,Illinois,17073,1,0
Iroquois,Illinois,17075,1,0
Jackson,Illinois,17077,1,0
Jo Daviess,Illinois,17085,1,0
Kane,Illinois,17089,77,2
Kankakee,Illinois,17091,17,0
Kendall,Illinois,17093,8,0
LaSalle,Illinois,17099,3,0
Lake,Illinois,17097,230,2
Livingston,Illinois,17105,2,0
Madison,Illinois,17119,8,0
Marshall,Illinois,17123,1,0
McHenry,Illinois,17111,45,1
McLean,Illinois,17113,10,1
Monroe,Illinois,17133,3,0
Morgan,Illinois,17137,1,0
Peoria,Illinois,17143,6,0
Rock Island,Illinois,17161,4,0
Sangamon,Illinois,17167,7,1
St. Clair,Illinois,17163,15,1
Stephenson,Illinois,17177,2,0
Tazewell,Illinois,17179,2,0
Unknown,Illinois,,58,0
Washington,Illinois,17189,1,0
Whiteside,Illinois,17195,2,0
Will,Illinois,17197,104,3
Williamson,Illinois,17199,1,0
Winnebago,Illinois,17201,8,0
Woodford,Illinois,17203,3,0
Adams,Indiana,18001,1,0
Allen,Indiana,18003,21,1
Bartholomew,Indiana,18005,6,0
Boone,Indiana,18011,7,0
Brown,Indiana,18013,2,0
Carroll,Indiana,18015,1,0
Clark,Indiana,18019,12,0
Clinton,Indiana,18023,1,0
DeKalb,Indiana,18033,1,0
Dearborn,Indiana,18029,4,1
Decatur,Indiana,18031,26,0
Delaware,Indiana,18035,8,1
Dubois,Indiana,18037,1,0
Elkhart,Indiana,18039,9,0
Fayette,Indiana,18041,3,0
Floyd,Indiana,18043,11,0
Fountain,Indiana,18045,1,0
Franklin,Indiana,18047,22,1
Fulton,Indiana,18049,1,0
Gibson,Indiana,18051,3,0
Grant,Indiana,18053,5,0
Hamilton,Indiana,18057,53,0
Hancock,Indiana,18059,14,1
Harrison,Indiana,18061,4,0
Hendricks,Indiana,18063,28,2
Henry,Indiana,18065,1,0
Howard,Indiana,18067,7,1
Huntington,Indiana,18069,1,0
Jackson,Indiana,18071,4,0
Jasper,Indiana,18073,4,1
Jennings,Indiana,18079,5,0
Johnson,Indiana,18081,42,3
Kosciusko,Indiana,18085,1,0
LaGrange,Indiana,18087,2,0
LaPorte,Indiana,18091,2,0
Lake,Indiana,18089,47,0
Lawrence,Indiana,18093,5,0
Madison,Indiana,18095,7,1
Marion,Indiana,18097,484,8
Marshall,Indiana,18099,4,0
Miami,Indiana,18103,1,0
Monroe,Indiana,18105,9,0
Montgomery,Indiana,18107,3,0
Morgan,Indiana,18109,10,0
Noble,Indiana,18113,1,0
Ohio,Indiana,18115,1,0
Orange,Indiana,18117,1,0
Owen,Indiana,18119,5,0
Porter,Indiana,18127,6,0
Posey,Indiana,18129,1,0
Putnam,Indiana,18133,2,1
Randolph,Indiana,18135,1,0
Ripley,Indiana,18137,14,0
Rush,Indiana,18139,3,0
Scott,Indiana,18143,1,1
Shelby,Indiana,18145,6,0
St. Joseph,Indiana,18141,27,1
Starke,Indiana,18149,1,0
Sullivan,Indiana,18153,1,0
Tippecanoe,Indiana,18157,8,1
Tipton,Indiana,18159,2,0
Vanderburgh,Indiana,18163,6,0
Vigo,Indiana,18167,4,1
Warren,Indiana,18171,1,0
Warrick,Indiana,18173,3,0
Washington,Indiana,18175,4,0
Wayne,Indiana,18177,1,0
Wells,Indiana,18179,1,0
Whitley,Indiana,18183,1,0
Adair,Iowa,19001,1,0
Allamakee,Iowa,19005,7,1
Appanoose,Iowa,19007,1,0
Benton,Iowa,19011,3,0
Black Hawk,Iowa,19013,7,0
Buchanan,Iowa,19019,1,0
Butler,Iowa,19023,1,0
Carroll,Iowa,19027,1,0
Cedar,Iowa,19031,5,0
Cerro Gordo,Iowa,19033,3,0
Clayton,Iowa,19043,1,0
Clinton,Iowa,19045,1,0
Dallas,Iowa,19049,9,0
Des Moines,Iowa,19057,1,0
Dickinson,Iowa,19059,1,0
Dubuque,Iowa,19061,8,1
Fayette,Iowa,19065,1,0
Hancock,Iowa,19081,3,0
Hardin,Iowa,19083,1,0
Harrison,Iowa,19085,7,0
Henry,Iowa,19087,2,0
Iowa,Iowa,19095,1,0
Jasper,Iowa,19099,2,0
Johnson,Iowa,19103,58,0
Kossuth,Iowa,19109,1,0
Linn,Iowa,19113,22,0
Mahaska,Iowa,19123,2,0
Marshall,Iowa,19127,1,0
Monona,Iowa,19133,2,0
Montgomery,Iowa,19137,1,0
Muscatine,Iowa,19139,8,0
Page,Iowa,19145,2,0
Polk,Iowa,19153,28,0
Pottawattamie,Iowa,19155,3,0
Poweshiek,Iowa,19157,4,1
Scott,Iowa,19163,7,0
Sioux,Iowa,19167,2,0
Story,Iowa,19169,2,0
Tama,Iowa,19171,5,0
Wapello,Iowa,19179,1,0
Warren,Iowa,19181,1,0
Washington,Iowa,19183,11,0
Webster,Iowa,19187,1,0
Winneshiek,Iowa,19191,2,0
Woodbury,Iowa,19193,3,0
Wright,Iowa,19197,1,0
Bourbon,Kansas,20011,3,0
Butler,Kansas,20015,3,0
Cherokee,Kansas,20021,2,0
Clay,Kansas,20027,1,0
Coffey,Kansas,20031,1,0
Crawford,Kansas,20037,3,0
Doniphan,Kansas,20043,1,0
Douglas,Kansas,20045,18,0
Ford,Kansas,20057,1,0
Franklin,Kansas,20059,2,0
Gove,Kansas,20063,1,0
Harvey,Kansas,20079,1,0
Jackson,Kansas,20085,1,0
Jefferson,Kansas,20087,1,0
Johnson,Kansas,20091,66,1
Leavenworth,Kansas,20103,12,0
Linn,Kansas,20107,4,0
Lyon,Kansas,20111,5,0
McPherson,Kansas,20113,1,0
Mitchell,Kansas,20123,3,0
Morris,Kansas,20127,2,0
Neosho,Kansas,20133,1,0
Osage,Kansas,20139,1,0
Ottawa,Kansas,20143,1,0
Pottawatomie,Kansas,20149,1,0
Reno,Kansas,20155,5,0
Riley,Kansas,20161,2,0
Sedgwick,Kansas,20173,20,0
Shawnee,Kansas,20177,5,0
Sumner,Kansas,20191,1,0
Woodson,Kansas,20207,1,0
Wyandotte,Kansas,20209,43,3
Allen,Kentucky,21003,1,0
Anderson,Kentucky,21005,2,1
Boone,Kentucky,21015,3,0
Bourbon,Kentucky,21017,2,1
Breathitt,Kentucky,21025,2,0
Bullitt,Kentucky,21029,2,0
Calloway,Kentucky,21035,2,0
Campbell,Kentucky,21037,2,0
Christian,Kentucky,21047,6,0
Clark,Kentucky,21049,5,0
Daviess,Kentucky,21059,15,0
Fayette,Kentucky,21067,37,1
Franklin,Kentucky,21073,3,0
Grayson,Kentucky,21085,2,0
Hardin,Kentucky,21093,5,0
Harrison,Kentucky,21097,11,0
Henderson,Kentucky,21101,5,0
Hopkins,Kentucky,21107,1,1
Jefferson,Kentucky,21111,76,4
Jessamine,Kentucky,21113,10,0
Kenton,Kentucky,21117,15,0
Larue,Kentucky,21123,1,0
Laurel,Kentucky,21125,1,0
Logan,Kentucky,21141,2,0
Lyon,Kentucky,21143,1,0
Madison,Kentucky,21151,5,0
Martin,Kentucky,21159,1,0
Mason,Kentucky,21161,1,0
McCracken,Kentucky,21145,2,0
McCreary,Kentucky,21147,1,0
Menifee,Kentucky,21165,2,0
Mercer,Kentucky,21167,1,0
Montgomery,Kentucky,21173,2,0
Muhlenberg,Kentucky,21177,2,0
Nelson,Kentucky,21179,2,0
Oldham,Kentucky,21185,3,0
Pulaski,Kentucky,21199,7,0
Scott,Kentucky,21209,3,0
Simpson,Kentucky,21213,2,0
Spencer,Kentucky,21215,1,0
Union,Kentucky,21225,1,0
Unknown,Kentucky,,45,0
Warren,Kentucky,21227,8,0
Wayne,Kentucky,21231,1,0
Webster,Kentucky,21233,1,0
Woodford,Kentucky,21239,3,0
Acadia,Louisiana,22001,8,1
Allen,Louisiana,22003,5,0
Ascension,Louisiana,22005,90,1
Assumption,Louisiana,22007,8,0
Avoyelles,Louisiana,22009,10,0
Beauregard,Louisiana,22011,4,0
Bienville,Louisiana,22013,1,1
Bossier,Louisiana,22015,37,0
Caddo,Louisiana,22017,140,2
Calcasieu,Louisiana,22019,22,1
Catahoula,Louisiana,22025,1,1
Claiborne,Louisiana,22027,3,0
De Soto,Louisiana,22031,13,1
East Baton Rouge,Louisiana,22033,124,4
East Feliciana,Louisiana,22037,5,0
Evangeline,Louisiana,22039,4,0
Grant,Louisiana,22043,1,0
Iberia,Louisiana,22045,4,0
Iberville,Louisiana,22047,20,1
Jackson,Louisiana,22049,3,0
Jefferson,Louisiana,22051,548,24
Jefferson Davis,Louisiana,22053,1,0
LaSalle,Louisiana,22059,1,0
Lafayette,Louisiana,22055,44,0
Lafourche,Louisiana,22057,30,2
Lincoln,Louisiana,22061,7,0
Livingston,Louisiana,22063,11,0
Madison,Louisiana,22065,1,0
Morehouse,Louisiana,22067,2,0
Natchitoches,Louisiana,22069,2,0
Orleans,Louisiana,22071,1170,57
Ouachita,Louisiana,22073,25,1
Plaquemines,Louisiana,22075,16,2
Pointe Coupee,Louisiana,22077,1,0
Rapides,Louisiana,22079,26,1
Richland,Louisiana,22083,2,0
St. Bernard,Louisiana,22087,31,1
St. Charles,Louisiana,22089,23,2
St. James,Louisiana,22093,40,3
St. John the Baptist,Louisiana,22095,41,3
St. Landry,Louisiana,22097,10,0
St. Martin,Louisiana,22099,10,3
St. Mary,Louisiana,22101,6,0
St. Tammany,Louisiana,22103,111,2
Tangipahoa,Louisiana,22105,7,0
Terrebonne,Louisiana,22109,23,1
Union,Louisiana,22111,4,0
Unknown,Louisiana,,16,1
Vermilion,Louisiana,22113,2,0
Vernon,Louisiana,22115,2,0
Washington,Louisiana,22117,8,1
Webster,Louisiana,22119,9,1
West Baton Rouge,Louisiana,22121,11,1
West Feliciana,Louisiana,22125,1,0
Winn,Louisiana,22127,1,0
Androscoggin,Maine,23001,6,0
Cumberland,Maine,23005,92,1
Franklin,Maine,23007,1,0
Kennebec,Maine,23011,6,0
Knox,Maine,23013,2,0
Lincoln,Maine,23015,5,0
Oxford,Maine,23017,8,0
Penobscot,Maine,23019,6,0
Sagadahoc,Maine,23023,4,0
Unknown,Maine,,5,0
Waldo,Maine,23027,2,0
York,Maine,23031,33,0
Anne Arundel,Maryland,24003,63,1
Baltimore,Maryland,24005,103,1
Baltimore city,Maryland,24510,103,0
Calvert,Maryland,24009,9,0
Caroline,Maryland,24011,1,0
Carroll,Maryland,24013,9,0
Cecil,Maryland,24015,9,0
Charles,Maryland,24017,17,0
Frederick,Maryland,24021,15,0
Garrett,Maryland,24023,3,0
Harford,Maryland,24025,18,0
Howard,Maryland,24027,62,0
Kent,Maryland,24029,2,0
Montgomery,Maryland,24031,208,1
Prince George's,Maryland,24033,148,2
Queen Anne's,Maryland,24035,1,0
Somerset,Maryland,24039,1,0
St. Mary's,Maryland,24037,4,0
Talbot,Maryland,24041,1,0
Washington,Maryland,24043,5,0
Wicomico,Maryland,24045,6,0
Worcester,Maryland,24047,2,0
Barnstable,Massachusetts,25001,100,2
Berkshire,Massachusetts,25003,105,4
Bristol,Massachusetts,25005,129,1
Dukes,Massachusetts,25007,1,0
Essex,Massachusetts,25009,350,2
Franklin,Massachusetts,25011,24,2
Hampden,Massachusetts,25013,90,2
Hampshire,Massachusetts,25015,20,0
Middlesex,Massachusetts,25017,685,6
Nantucket,Massachusetts,25019,2,0
Norfolk,Massachusetts,25021,393,6
Plymouth,Massachusetts,25023,187,0
Suffolk,Massachusetts,25025,631,3
Unknown,Massachusetts,,304,4
Worcester,Massachusetts,25027,219,3
Allegan,Michigan,26005,1,0
Barry,Michigan,26015,1,0
Bay,Michigan,26017,4,0
Berrien,Michigan,26021,18,0
Calhoun,Michigan,26025,9,0
Cass,Michigan,26027,1,0
Charlevoix,Michigan,26029,4,0
Chippewa,Michigan,26033,1,0
Clare,Michigan,26035,1,0
Clinton,Michigan,26037,8,0
Crawford,Michigan,26039,1,0
Dickinson,Michigan,26043,1,0
Eaton,Michigan,26045,8,0
Emmet,Michigan,26047,3,0
Genesee,Michigan,26049,91,4
Gladwin,Michigan,26051,2,0
Gogebic,Michigan,26053,1,1
Grand Traverse,Michigan,26055,3,0
Gratiot,Michigan,26057,1,0
Hillsdale,Michigan,26059,6,0
Huron,Michigan,26063,1,0
Ingham,Michigan,26065,26,1
Ionia,Michigan,26067,2,0
Iosco,Michigan,26069,1,0
Isabella,Michigan,26073,4,0
Jackson,Michigan,26075,17,0
Kalamazoo,Michigan,26077,11,0
Kalkaska,Michigan,26079,4,0
Kent,Michigan,26081,45,1
Lapeer,Michigan,26087,4,0
Leelanau,Michigan,26089,1,0
Lenawee,Michigan,26091,8,0
Livingston,Michigan,26093,31,1
Luce,Michigan,26095,1,0
Macomb,Michigan,26099,404,14
Manistee,Michigan,26101,1,0
Marquette,Michigan,26103,1,0
Mecosta,Michigan,26107,1,1
Midland,Michigan,26111,8,0
Missaukee,Michigan,26113,1,1
Monroe,Michigan,26115,28,0
Montcalm,Michigan,26117,3,0
Muskegon,Michigan,26121,6,2
Newaygo,Michigan,26123,1,0
Oakland,Michigan,26125,824,26
Oceana,Michigan,26127,1,0
Ogemaw,Michigan,26129,1,0
Otsego,Michigan,26137,7,0
Ottawa,Michigan,26139,21,0
Roscommon,Michigan,26143,1,0
Saginaw,Michigan,26145,14,0
Sanilac,Michigan,26151,2,0
Shiawassee,Michigan,26155,2,0
St. Clair,Michigan,26147,15,0
Tuscola,Michigan,26157,2,1
Unknown,Michigan,,23,0
Van Buren,Michigan,26159,3,0
Washtenaw,Michigan,26161,150,3
Wayne,Michigan,26163,1810,37
Wexford,Michigan,26165,1,0
Anoka,Minnesota,27003,10,0
Beltrami,Minnesota,27007,1,0
Benton,Minnesota,27009,1,0
Big Stone,Minnesota,27011,1,0
Blue Earth,Minnesota,27013,7,0
Carver,Minnesota,27019,8,0
Cass,Minnesota,27021,1,0
Chisago,Minnesota,27025,2,0
Clay,Minnesota,27027,4,0
Dakota,Minnesota,27037,28,0
Dodge,Minnesota,27039,5,0
Faribault,Minnesota,27043,1,0
Fillmore,Minnesota,27045,3,0
Goodhue,Minnesota,27049,2,0
Hennepin,Minnesota,27053,141,1
Jackson,Minnesota,27063,1,0
Kandiyohi,Minnesota,27067,1,0
Lac qui Parle,Minnesota,27073,1,0
Le Sueur,Minnesota,27079,10,0
Lincoln,Minnesota,27081,1,0
Mahnomen,Minnesota,27087,1,0
Martin,Minnesota,27091,18,1
Mower,Minnesota,27099,10,0
Nicollet,Minnesota,27103,3,0
Olmsted,Minnesota,27109,34,0
Ramsey,Minnesota,27123,34,1
Renville,Minnesota,27129,1,0
Rice,Minnesota,27131,2,0
Scott,Minnesota,27139,7,0
Sherburne,Minnesota,27141,3,0
Sibley,Minnesota,27143,1,0
St. Louis,Minnesota,27137,5,0
Stearns,Minnesota,27145,5,0
Steele,Minnesota,27147,5,0
Unknown,Minnesota,,1,1
Wabasha,Minnesota,27157,4,0
Waseca,Minnesota,27161,3,0
Washington,Minnesota,27163,22,0
Wilkin,Minnesota,27167,1,0
Winona,Minnesota,27169,4,0
Wright,Minnesota,27171,5,0
Adams,Mississippi,28001,2,0
Attala,Mississippi,28007,8,0
Benton,Mississippi,28009,2,0
Bolivar,Mississippi,28011,9,0
Calhoun,Mississippi,28013,3,0
Chickasaw,Mississippi,28017,9,0
Choctaw,Mississippi,28019,4,0
Clay,Mississippi,28025,2,0
Coahoma,Mississippi,28027,18,0
Copiah,Mississippi,28029,8,0
DeSoto,Mississippi,28033,63,0
Forrest,Mississippi,28035,16,0
Franklin,Mississippi,28037,3,0
George,Mississippi,28039,1,0
Grenada,Mississippi,28043,2,0
Hancock,Mississippi,28045,9,1
Harrison,Mississippi,28047,34,1
Hinds,Mississippi,28049,50,0
Holmes,Mississippi,28051,10,1
Humphreys,Mississippi,28053,1,0
Itawamba,Mississippi,28057,3,0
Jackson,Mississippi,28059,24,0
Jefferson,Mississippi,28063,1,0
Jones,Mississippi,28067,1,0
Kemper,Mississippi,28069,1,0
Lafayette,Mississippi,28071,11,0
Lamar,Mississippi,28073,4,0
Lauderdale,Mississippi,28075,10,0
Lawrence,Mississippi,28077,5,0
Leake,Mississippi,28079,4,0
Lee,Mississippi,28081,15,0
Leflore,Mississippi,28083,13,0
Lincoln,Mississippi,28085,6,0
Lowndes,Mississippi,28087,9,0
Madison,Mississippi,28089,25,0
Marion,Mississippi,28091,1,0
Marshall,Mississippi,28093,9,0
Monroe,Mississippi,28095,3,0
Montgomery,Mississippi,28097,4,0
Neshoba,Mississippi,28099,1,0
Newton,Mississippi,28101,1,0
Noxubee,Mississippi,28103,1,0
Oktibbeha,Mississippi,28105,12,0
Panola,Mississippi,28107,4,0
Pearl River,Mississippi,28109,18,0
Perry,Mississippi,28111,2,0
Pike,Mississippi,28113,12,0
Pontotoc,Mississippi,28115,4,0
Prentiss,Mississippi,28117,1,0
Quitman,Mississippi,28119,3,0
Rankin,Mississippi,28121,29,1
Scott,Mississippi,28123,6,0
Sharkey,Mississippi,28125,1,0
Simpson,Mississippi,28127,1,0
Smith,Mississippi,28129,1,0
Sunflower,Mississippi,28133,5,0
Tallahatchie,Mississippi,28135,2,0
Tate,Mississippi,28137,8,0
Tippah,Mississippi,28139,15,1
Tunica,Mississippi,28143,6,1
Union,Mississippi,28145,3,0
Unknown,Mississippi,,6,0
Walthall,Mississippi,28147,4,0
Washington,Mississippi,28151,11,0
Webster,Mississippi,28155,3,1
Wilkinson,Mississippi,28157,9,1
Winston,Mississippi,28159,3,0
Yalobusha,Mississippi,28161,3,0
Yazoo,Mississippi,28163,4,0
Adair,Missouri,29001,2,0
Atchison,Missouri,29005,1,0
Barry,Missouri,29009,1,0
Bates,Missouri,29013,1,0
Benton,Missouri,29015,1,0
Bollinger,Missouri,29017,1,0
Boone,Missouri,29019,37,1
Buchanan,Missouri,29021,2,0
Callaway,Missouri,29027,3,0
Camden,Missouri,29029,1,0
Cape Girardeau,Missouri,29031,6,0
Carter,Missouri,29035,1,0
Cass,Missouri,29037,8,0
Chariton,Missouri,29041,1,0
Christian,Missouri,29043,3,0
Clay,Missouri,29047,9,0
Clinton,Missouri,29049,1,0
Cole,Missouri,29051,10,0
Cooper,Missouri,29053,1,0
Dunklin,Missouri,29069,3,0
Franklin,Missouri,29071,4,0
Greene,Missouri,29077,31,3
Henry,Missouri,29083,1,0
Jackson,Missouri,29095,41,1
Jasper,Missouri,29097,2,0
Jefferson,Missouri,29099,15,0
Johnson,Missouri,29101,8,0
Kansas City,Missouri,,78,0
Lafayette,Missouri,29107,4,0
Lincoln,Missouri,29113,2,0
McDonald,Missouri,29119,1,0
Moniteau,Missouri,29135,2,0
Montgomery,Missouri,29139,3,0
Newton,Missouri,29145,3,0
Pemiscot,Missouri,29155,1,0
Perry,Missouri,29157,6,0
Pettis,Missouri,29159,1,0
Platte,Missouri,29165,5,0
Pulaski,Missouri,29169,4,0
Ralls,Missouri,29173,1,0
Randolph,Missouri,29175,1,0
Ray,Missouri,29177,1,0
Scott,Missouri,29201,1,0
Shelby,Missouri,29205,1,0
St. Charles,Missouri,29183,32,1
St. Francois,Missouri,29187,4,0
St. Louis,Missouri,29189,247,2
St. Louis city,Missouri,29510,72,1
Stoddard,Missouri,29207,1,0
Taney,Missouri,29213,1,0
Texas,Missouri,29215,1,0
Unknown,Missouri,,4,0
Wright,Missouri,29229,1,0
Broadwater,Montana,30007,2,0
Cascade,Montana,30013,7,0
Flathead,Montana,30029,6,0
Gallatin,Montana,30031,42,0
Hill,Montana,30041,1,0
Jefferson,Montana,30043,2,0
Lake,Montana,30047,1,0
Lewis and Clark,Montana,30049,7,0
Lincoln,Montana,30053,3,1
Madison,Montana,30057,3,0
Meagher,Montana,30059,1,0
Missoula,Montana,30063,8,0
Park,Montana,30067,1,0
Ravalli,Montana,30081,1,0
Roosevelt,Montana,30085,1,0
Silver Bow,Montana,30093,7,0
Toole,Montana,30101,5,0
Yellowstone,Montana,30111,23,0
Adams,Nebraska,31001,2,0
Buffalo,Nebraska,31019,4,0
Cass,Nebraska,31025,2,0
Dawson,Nebraska,31047,1,0
Dodge,Nebraska,31053,1,0
Douglas,Nebraska,31055,60,1
Hall,Nebraska,31079,2,1
Hamilton,Nebraska,31081,1,0
Kearney,Nebraska,31099,1,0
Knox,Nebraska,31107,2,0
Lancaster,Nebraska,31109,4,0
Lincoln,Nebraska,31111,3,0
Madison,Nebraska,31119,1,0
Nemaha,Nebraska,31127,1,0
Sarpy,Nebraska,31153,11,0
Saunders,Nebraska,31155,2,0
Washington,Nebraska,31177,5,0
Carson City,Nevada,32510,4,0
Clark,Nevada,32003,443,10
Douglas,Nevada,32005,4,0
Elko,Nevada,32007,2,0
Lyon,Nevada,32019,1,0
Nye,Nevada,32023,1,0
Unknown,Nevada,,91,0
Washoe,Nevada,32031,75,0
Belknap,New Hampshire,33001,9,0
Carroll,New Hampshire,33003,8,0
Cheshire,New Hampshire,33005,2,0
Grafton,New Hampshire,33009,26,0
Hillsborough,New Hampshire,33011,43,2
Merrimack,New Hampshire,33013,11,0
Rockingham,New Hampshire,33015,75,0
Strafford,New Hampshire,33017,11,0
Sullivan,New Hampshire,33019,2,0
Atlantic,New Jersey,34001,14,0
Bergen,New Jersey,34003,1505,28
Burlington,New Jersey,34005,88,3
Camden,New Jersey,34007,95,1
Cape May,New Jersey,34009,7,0
Cumberland,New Jersey,34011,9,1
Essex,New Jersey,34013,826,18
Gloucester,New Jersey,34015,40,1
Hudson,New Jersey,34017,594,4
Hunterdon,New Jersey,34019,52,0
Mercer,New Jersey,34021,131,0
Middlesex,New Jersey,34023,640,9
Monmouth,New Jersey,34025,634,10
Morris,New Jersey,34027,391,9
Ocean,New Jersey,34029,484,8
Passaic,New Jersey,34031,484,5
Salem,New Jersey,34033,3,0
Somerset,New Jersey,34035,222,7
Sussex,New Jersey,34037,65,0
Union,New Jersey,34039,519,3
Unknown,New Jersey,,1984,7
Warren,New Jersey,34041,38,1
Bernalillo,New Mexico,35001,82,0
Chaves,New Mexico,35005,4,0
Cibola,New Mexico,35006,2,0
Curry,New Mexico,35009,1,0
Doña Ana,New Mexico,35013,16,0
Eddy,New Mexico,35015,2,1
Lea,New Mexico,35025,2,0
McKinley,New Mexico,35031,5,0
Rio Arriba,New Mexico,35039,3,0
Roosevelt,New Mexico,35041,1,0
San Juan,New Mexico,35045,17,0
San Miguel,New Mexico,35047,1,0
Sandoval,New Mexico,35043,15,0
Santa Fe,New Mexico,35049,29,0
Socorro,New Mexico,35053,2,0
Taos,New Mexico,35055,8,0
Valencia,New Mexico,35061,1,0
Albany,New York,36001,187,0
Allegany,New York,36003,2,0
Broome,New York,36007,18,3
Cayuga,New York,36011,2,0
Chautauqua,New York,36013,1,0
Chemung,New York,36015,11,0
Chenango,New York,36017,4,0
Clinton,New York,36019,11,0
Columbia,New York,36021,20,0
Cortland,New York,36023,4,0
Delaware,New York,36025,8,0
Dutchess,New York,36027,225,2
Erie,New York,36029,219,6
Essex,New York,36031,4,0
Franklin,New York,36033,2,0
Fulton,New York,36035,1,0
Genesee,New York,36037,6,0
Greene,New York,36039,6,0
Hamilton,New York,36041,2,0
Herkimer,New York,36043,9,0
Jefferson,New York,36045,3,0
Livingston,New York,36051,3,0
Madison,New York,36053,17,0
Monroe,New York,36055,160,4
Montgomery,New York,36057,5,0
Nassau,New York,36059,4657,27
New York City,New York,,25399,450
Niagara,New York,36063,23,0
Oneida,New York,36065,13,0
Onondaga,New York,36067,115,0
Ontario,New York,36069,14,0
Orange,New York,36071,910,3
Orleans,New York,36073,3,0
Oswego,New York,36075,4,0
Otsego,New York,36077,5,0
Putnam,New York,36079,111,0
Rensselaer,New York,36083,35,0
Rockland,New York,36087,1457,8
Saratoga,New York,36091,82,0
Schenectady,New York,36093,66,0
Schoharie,New York,36095,3,0
St. Lawrence,New York,36089,3,0
Steuben,New York,36101,12,0
Suffolk,New York,36103,3385,22
Sullivan,New York,36105,64,0
Tioga,New York,36107,2,0
Tompkins,New York,36109,26,0
Ulster,New York,36111,98,0
Warren,New York,36113,8,0
Washington,New York,36115,6,0
Wayne,New York,36117,11,0
Westchester,New York,36119,7187,10
Wyoming,New York,36121,7,0
Alamance,North Carolina,37001,5,0
Beaufort,North Carolina,37013,3,0
Bertie,North Carolina,37015,3,0
Brunswick,North Carolina,37019,11,0
Buncombe,North Carolina,37021,15,0
Burke,North Carolina,37023,2,0
Cabarrus,North Carolina,37025,21,1
Caldwell,North Carolina,37027,3,0
Carteret,North Carolina,37031,5,0
Catawba,North Carolina,37035,7,0
Chatham,North Carolina,37037,11,0
Cherokee,North Carolina,37039,4,0
Cleveland,North Carolina,37045,2,0
Craven,North Carolina,37049,3,0
Cumberland,North Carolina,37051,8,0
Davidson,North Carolina,37057,4,0
Davie,North Carolina,37059,2,0
Duplin,North Carolina,37061,1,0
Durham,North Carolina,37063,83,0
Forsyth,North Carolina,37067,17,0
Franklin,North Carolina,37069,5,0
Gaston,North Carolina,37071,9,0
Granville,North Carolina,37077,3,0
Greene,North Carolina,37079,3,0
Guilford,North Carolina,37081,31,0
Harnett,North Carolina,37085,11,1
Henderson,North Carolina,37089,6,0
Hertford,North Carolina,37091,2,0
Hoke,North Carolina,37093,2,0
Iredell,North Carolina,37097,15,0
Johnston,North Carolina,37101,9,1
Lee,North Carolina,37105,2,0
Lenoir,North Carolina,37107,3,0
Lincoln,North Carolina,37109,1,0
McDowell,North Carolina,37111,3,0
Mecklenburg,North Carolina,37119,218,0
Montgomery,North Carolina,37123,3,0
Moore,North Carolina,37125,2,0
Nash,North Carolina,37127,2,0
New Hanover,North Carolina,37129,13,0
Northampton,North Carolina,37131,3,0
Onslow,North Carolina,37133,4,0
Orange,North Carolina,37135,24,0
Pasquotank,North Carolina,37139,1,0
Person,North Carolina,37145,1,0
Pitt,North Carolina,37147,10,0
Randolph,North Carolina,37151,5,0
Richmond,North Carolina,37153,1,0
Robeson,North Carolina,37155,2,0
Rowan,North Carolina,37159,10,0
Sampson,North Carolina,37163,1,0
Scotland,North Carolina,37165,1,0
Stanly,North Carolina,37167,2,0
Surry,North Carolina,37171,1,0
Transylvania,North Carolina,37175,2,0
Union,North Carolina,37179,27,0
Vance,North Carolina,37181,2,0
Wake,North Carolina,37183,121,0
Watauga,North Carolina,37189,4,0
Wayne,North Carolina,37191,3,0
Wilson,North Carolina,37195,7,0
Burleigh,North Dakota,38015,25,0
Cass,North Dakota,38017,11,1
Dunn,North Dakota,38025,1,0
Foster,North Dakota,38031,1,0
McHenry,North Dakota,38049,1,0
McIntosh,North Dakota,38051,1,0
Morton,North Dakota,38059,11,0
Pierce,North Dakota,38069,2,0
Ramsey,North Dakota,38071,3,0
Stark,North Dakota,38089,7,0
Walsh,North Dakota,38099,1,0
Ward,North Dakota,38101,4,0
Ashland,Ohio,39005,3,0
Ashtabula,Ohio,39007,5,0
Athens,Ohio,39009,1,0
Belmont,Ohio,39013,6,0
Butler,Ohio,39017,23,0
Carroll,Ohio,39019,3,0
Champaign,Ohio,39021,2,0
Clark,Ohio,39023,2,0
Clermont,Ohio,39025,6,0
Clinton,Ohio,39027,2,0
Columbiana,Ohio,39029,7,1
Coshocton,Ohio,39031,4,0
Crawford,Ohio,39033,1,0
Cuyahoga,Ohio,39035,330,2
Darke,Ohio,39037,1,0
Defiance,Ohio,39039,5,0
Delaware,Ohio,39041,22,0
Erie,Ohio,39043,3,1
Fairfield,Ohio,39045,8,0
Fayette,Ohio,39047,1,0
Franklin,Ohio,39049,152,2
Fulton,Ohio,39051,2,0
Gallia,Ohio,39053,1,1
Geauga,Ohio,39055,10,0
Greene,Ohio,39057,3,0
Hamilton,Ohio,39061,63,0
Hancock,Ohio,39063,2,0
Highland,Ohio,39071,1,0
Huron,Ohio,39077,3,0
Jefferson,Ohio,39081,1,0
Knox,Ohio,39083,2,0
Lake,Ohio,39085,27,1
Lawrence,Ohio,39087,1,0
Licking,Ohio,39089,10,0
Logan,Ohio,39091,2,0
Lorain,Ohio,39093,56,0
Lucas,Ohio,39095,50,2
Madison,Ohio,39097,4,0
Mahoning,Ohio,39099,68,2
Marion,Ohio,39101,5,0
Medina,Ohio,39103,32,0
Mercer,Ohio,39107,2,0
Miami,Ohio,39109,32,4
Montgomery,Ohio,39113,19,0
Muskingum,Ohio,39119,2,0
Pickaway,Ohio,39129,2,0
Portage,Ohio,39133,13,0
Richland,Ohio,39139,4,0
Sandusky,Ohio,39143,1,0
Seneca,Ohio,39147,2,0
Shelby,Ohio,39149,1,0
Stark,Ohio,39151,22,2
Summit,Ohio,39153,65,3
Trumbull,Ohio,39155,17,1
Tuscarawas,Ohio,39157,3,0
Union,Ohio,39159,3,0
Warren,Ohio,39165,11,0
Washington,Ohio,39167,2,0
Wayne,Ohio,39169,3,0
Wood,Ohio,39173,9,0
Wyandot,Ohio,39175,1,0
Adair,Oklahoma,40001,3,0
Bryan,Oklahoma,40013,1,0
Caddo,Oklahoma,40015,1,0
Canadian,Oklahoma,40017,11,0
Carter,Oklahoma,40019,1,0
Cherokee,Oklahoma,40021,1,0
Choctaw,Oklahoma,40023,1,0
Cleveland,Oklahoma,40027,39,3
Comanche,Oklahoma,40031,6,0
Craig,Oklahoma,40035,1,0
Creek,Oklahoma,40037,14,1
Custer,Oklahoma,40039,3,0
Delaware,Oklahoma,40041,2,0
Garvin,Oklahoma,40049,2,0
Grady,Oklahoma,40051,2,0
Jackson,Oklahoma,40065,1,0
Kay,Oklahoma,40071,17,0
Latimer,Oklahoma,40077,1,0
Lincoln,Oklahoma,40081,3,0
Logan,Oklahoma,40083,3,0
Mayes,Oklahoma,40097,2,0
McClain,Oklahoma,40087,2,0
Muskogee,Oklahoma,40101,5,0
Noble,Oklahoma,40103,3,0
Oklahoma,Oklahoma,40109,94,2
Okmulgee,Oklahoma,40111,2,0
Osage,Oklahoma,40113,5,0
Ottawa,Oklahoma,40115,1,0
Pawnee,Oklahoma,40117,14,1
Payne,Oklahoma,40119,7,0
Pittsburg,Oklahoma,40121,2,0
Pontotoc,Oklahoma,40123,2,0
Pottawatomie,Oklahoma,40125,2,0
Sequoyah,Oklahoma,40135,1,0
Stephens,Oklahoma,40137,1,0
Tulsa,Oklahoma,40143,49,1
Wagoner,Oklahoma,40145,8,0
Washington,Oklahoma,40147,9,0
Benton,Oregon,41003,6,0
Clackamas,Oregon,41005,31,2
Clatsop,Oregon,41007,2,0
Columbia,Oregon,41009,1,0
Deschutes,Oregon,41017,18,0
Douglas,Oregon,41019,4,0
Grant,Oregon,41023,1,0
Hood River,Oregon,41027,1,0
Jackson,Oregon,41029,6,0
Josephine,Oregon,41033,4,0
Klamath,Oregon,41035,2,0
Lane,Oregon,41039,9,1
Lincoln,Oregon,41041,1,0
Linn,Oregon,41043,28,1
Marion,Oregon,41047,83,3
Morrow,Oregon,41049,1,0
Multnomah,Oregon,41051,67,2
Polk,Oregon,41053,10,0
Tillamook,Oregon,41057,1,0
Umatilla,Oregon,41059,3,0
Union,Oregon,41061,1,0
Wasco,Oregon,41065,2,0
Washington,Oregon,41067,122,3
Yamhill,Oregon,41071,11,0
Adams,Pennsylvania,42001,8,0
Allegheny,Pennsylvania,42003,158,2
Armstrong,Pennsylvania,42005,1,0
Beaver,Pennsylvania,42007,14,0
Berks,Pennsylvania,42011,65,0
Blair,Pennsylvania,42013,1,0
Bradford,Pennsylvania,42015,2,0
Bucks,Pennsylvania,42017,124,0
Butler,Pennsylvania,42019,26,1
Cambria,Pennsylvania,42021,1,0
Carbon,Pennsylvania,42025,2,0
Centre,Pennsylvania,42027,11,0
Chester,Pennsylvania,42029,107,0
Clearfield,Pennsylvania,42033,2,0
Columbia,Pennsylvania,42037,3,0
Crawford,Pennsylvania,42039,1,0
Cumberland,Pennsylvania,42041,16,0
Dauphin,Pennsylvania,42043,18,0
Delaware,Pennsylvania,42045,185,3
Erie,Pennsylvania,42049,7,0
Fayette,Pennsylvania,42051,9,0
Franklin,Pennsylvania,42055,5,0
Greene,Pennsylvania,42059,4,0
Indiana,Pennsylvania,42063,2,0
Juniata,Pennsylvania,42067,1,0
Lackawanna,Pennsylvania,42069,35,2
Lancaster,Pennsylvania,42071,33,0
Lawrence,Pennsylvania,42073,4,0
Lebanon,Pennsylvania,42075,12,0
Lehigh,Pennsylvania,42077,93,2
Luzerne,Pennsylvania,42079,55,2
Lycoming,Pennsylvania,42081,2,0
Mercer,Pennsylvania,42085,4,0
Monroe,Pennsylvania,42089,98,2
Montgomery,Pennsylvania,42091,374,4
Montour,Pennsylvania,42093,4,0
Northampton,Pennsylvania,42095,79,3
Northumberland,Pennsylvania,42097,1,0
Philadelphia,Pennsylvania,42101,530,2
Pike,Pennsylvania,42103,23,0
Potter,Pennsylvania,42105,1,0
Schuylkill,Pennsylvania,42107,13,0
Somerset,Pennsylvania,42111,2,0
Susquehanna,Pennsylvania,42115,1,0
Union,Pennsylvania,42119,1,0
Warren,Pennsylvania,42123,1,0
Washington,Pennsylvania,42125,14,0
Wayne,Pennsylvania,42127,6,0
Westmoreland,Pennsylvania,42129,30,0
York,Pennsylvania,42133,29,0
Unknown,Puerto Rico,,79,3
Bristol,Rhode Island,44001,5,0
Kent,Rhode Island,44003,7,0
Newport,Rhode Island,44005,8,0
Providence,Rhode Island,44007,42,0
Unknown,Rhode Island,,132,0
Washington,Rhode Island,44009,9,0
Abbeville,South Carolina,45001,4,0
Aiken,South Carolina,45003,6,0
Anderson,South Carolina,45007,21,0
Beaufort,South Carolina,45013,35,0
Berkeley,South Carolina,45015,10,0
Calhoun,South Carolina,45017,1,0
Charleston,South Carolina,45019,92,1
Chester,South Carolina,45023,1,0
Chesterfield,South Carolina,45025,4,0
Clarendon,South Carolina,45027,6,1
Colleton,South Carolina,45029,2,0
Darlington,South Carolina,45031,8,0
Dillon,South Carolina,45033,1,0
Dorchester,South Carolina,45035,9,0
Edgefield,South Carolina,45037,1,0
Fairfield,South Carolina,45039,4,0
Florence,South Carolina,45041,11,3
Georgetown,South Carolina,45043,3,0
Greenville,South Carolina,45045,51,1
Greenwood,South Carolina,45047,2,0
Horry,South Carolina,45051,24,1
Jasper,South Carolina,45053,3,0
Kershaw,South Carolina,45055,70,2
Lancaster,South Carolina,45057,8,0
Lee,South Carolina,45061,2,0
Lexington,South Carolina,45063,25,1
Marion,South Carolina,45067,1,0
Marlboro,South Carolina,45069,1,0
Newberry,South Carolina,45071,1,0
Oconee,South Carolina,45073,3,0
Orangeburg,South Carolina,45075,12,0
Pickens,South Carolina,45077,7,0
Richland,South Carolina,45079,65,1
Saluda,South Carolina,45081,1,0
Spartanburg,South Carolina,45083,16,0
Sumter,South Carolina,45085,10,2
Union,South Carolina,45087,1,0
Williamsburg,South Carolina,45089,1,0
York,South Carolina,45091,19,0
Aurora,South Dakota,46003,1,0
Beadle,South Dakota,46005,16,0
Bon Homme,South Dakota,46009,1,0
Brookings,South Dakota,46011,1,0
Brown,South Dakota,46013,2,0
Charles Mix,South Dakota,46023,1,0
Codington,South Dakota,46029,1,0
Davison,South Dakota,46035,2,1
Faulk,South Dakota,46049,1,0
Hughes,South Dakota,46065,1,0
Lawrence,South Dakota,46081,2,0
Lincoln,South Dakota,46083,2,0
Lyman,South Dakota,46085,1,0
McCook,South Dakota,46087,2,0
Meade,South Dakota,46093,1,0
Minnehaha,South Dakota,46099,18,0
Pennington,South Dakota,46103,3,0
Todd,South Dakota,46121,1,0
Union,South Dakota,46127,1,0
Anderson,Tennessee,47001,4,0
Bedford,Tennessee,47003,1,0
Benton,Tennessee,47005,2,0
Blount,Tennessee,47009,6,0
Bradley,Tennessee,47011,6,0
Campbell,Tennessee,47013,4,0
Cannon,Tennessee,47015,2,0
Carroll,Tennessee,47017,4,0
Cheatham,Tennessee,47021,7,0
Chester,Tennessee,47023,2,0
Claiborne,Tennessee,47025,2,0
Cocke,Tennessee,47029,1,0
Cumberland,Tennessee,47035,6,0
Davidson,Tennessee,47037,312,2
DeKalb,Tennessee,47041,3,0
Dickson,Tennessee,47043,9,0
Dyer,Tennessee,47045,3,0
Fayette,Tennessee,47047,3,0
Franklin,Tennessee,47051,3,0
Gibson,Tennessee,47053,2,0
Greene,Tennessee,47059,8,0
Grundy,Tennessee,47061,1,0
Hamblen,Tennessee,47063,2,0
Hamilton,Tennessee,47065,30,0
Hardin,Tennessee,47071,1,0
Hawkins,Tennessee,47073,2,0
Houston,Tennessee,47083,2,0
Jefferson,Tennessee,47089,5,0
Knox,Tennessee,47093,31,0
Lewis,Tennessee,47101,2,0
Lincoln,Tennessee,47103,1,0
Loudon,Tennessee,47105,6,0
Macon,Tennessee,47111,1,0
Madison,Tennessee,47113,3,0
Marion,Tennessee,47115,2,0
Maury,Tennessee,47119,7,0
McMinn,Tennessee,47107,3,0
Meigs,Tennessee,47121,1,0
Monroe,Tennessee,47123,3,0
Montgomery,Tennessee,47125,9,0
Overton,Tennessee,47133,1,0
Perry,Tennessee,47135,2,0
Putnam,Tennessee,47141,13,0
Roane,Tennessee,47145,1,0
Robertson,Tennessee,47147,22,0
Rutherford,Tennessee,47149,39,0
Scott,Tennessee,47151,2,0
Sevier,Tennessee,47155,6,0
Shelby,Tennessee,47157,223,0
Smith,Tennessee,47159,1,0
Sullivan,Tennessee,47163,6,0
Sumner,Tennessee,47165,58,0
Tipton,Tennessee,47167,10,0
Unicoi,Tennessee,47171,1,0
Unknown,Tennessee,,172,4
Washington,Tennessee,47179,10,0
White,Tennessee,47185,1,0
Williamson,Tennessee,47187,91,0
Wilson,Tennessee,47189,20,0
Angelina,Texas,48005,2,0
Atascosa,Texas,48013,2,0
Austin,Texas,48015,1,0
Bastrop,Texas,48021,2,0
Bell,Texas,48027,25,1
Bexar,Texas,48029,113,5
Blanco,Texas,48031,1,0
Bowie,Texas,48037,2,0
Brazoria,Texas,48039,39,0
Brazos,Texas,48041,31,0
Brown,Texas,48049,3,0
Burnet,Texas,48053,1,0
Calhoun,Texas,48057,2,0
Cameron,Texas,48061,13,0
Cass,Texas,48067,1,0
Castro,Texas,48069,7,0
Chambers,Texas,48071,2,0
Cherokee,Texas,48073,1,0
Collin,Texas,48085,88,1
Comal,Texas,48091,9,1
Cooke,Texas,48097,1,0
Coryell,Texas,48099,1,0
Crane,Texas,48103,1,0
Dallas,Texas,48113,367,7
DeWitt,Texas,48123,3,0
Deaf Smith,Texas,48117,2,0
Denton,Texas,48121,137,1
Eastland,Texas,48133,2,0
El Paso,Texas,48141,30,0
Ellis,Texas,48139,13,0
Erath,Texas,48143,1,0
Falls,Texas,48145,1,0
Fannin,Texas,48147,1,0
Fayette,Texas,48149,1,0
Fort Bend,Texas,48157,101,1
Gaines,Texas,48165,1,0
Galveston,Texas,48167,49,0
Grayson,Texas,48181,2,0
Gregg,Texas,48183,4,0
Grimes,Texas,48185,2,0
Guadalupe,Texas,48187,8,0
Hale,Texas,48189,1,0
Hardin,Texas,48199,4,0
Harris,Texas,48201,229,2
Harrison,Texas,48203,1,0
Hays,Texas,48209,13,0
Hidalgo,Texas,48215,18,0
Hockley,Texas,48219,5,0
Hood,Texas,48221,2,0
Hopkins,Texas,48223,1,0
Hunt,Texas,48231,1,0
Jackson,Texas,48239,1,0
Jefferson,Texas,48245,8,0
Johnson,Texas,48251,6,0
Karnes,Texas,48255,1,0
Kaufman,Texas,48257,2,0
Kendall,Texas,48259,4,0
Lamar,Texas,48277,1,0
Lavaca,Texas,48285,1,0
Liberty,Texas,48291,2,0
Limestone,Texas,48293,1,0
Llano,Texas,48299,2,0
Lubbock,Texas,48303,31,0
Martin,Texas,48317,1,0
Matagorda,Texas,48321,9,1
Maverick,Texas,48323,1,0
McLennan,Texas,48309,33,0
Medina,Texas,48325,3,0
Midland,Texas,48329,6,1
Milam,Texas,48331,2,0
Montague,Texas,48337,1,0
Montgomery,Texas,48339,46,0
Morris,Texas,48343,1,0
Nacogdoches,Texas,48347,1,0
Navarro,Texas,48349,1,0
Nueces,Texas,48355,18,0
Oldham,Texas,48359,1,1
Orange,Texas,48361,1,0
Parker,Texas,48367,2,0
Potter,Texas,48375,2,0
Randall,Texas,48381,3,0
Robertson,Texas,48395,1,0
Rockwall,Texas,48397,3,0
Rusk,Texas,48401,2,0
San Patricio,Texas,48409,1,0
Shelby,Texas,48419,1,0
Smith,Texas,48423,27,1
Starr,Texas,48427,2,0
Tarrant,Texas,48439,114,1
Taylor,Texas,48441,1,0
Terry,Texas,48445,1,0
Tom Green,Texas,48451,2,0
Travis,Texas,48453,160,1
Upshur,Texas,48459,1,0
Uvalde,Texas,48463,1,0
Val Verde,Texas,48465,2,0
Van Zandt,Texas,48467,1,0
Victoria,Texas,48469,3,0
Walker,Texas,48471,2,0
Webb,Texas,48479,22,0
Wharton,Texas,48481,3,0
Wichita,Texas,48485,15,0
Willacy,Texas,48489,1,0
Williamson,Texas,48491,34,0
Wilson,Texas,48493,1,0
Yoakum,Texas,48501,1,0
Young,Texas,48503,1,0
Box Elder,Utah,49003,2,0
Cache,Utah,49005,5,0
Davis,Utah,49011,50,1
Iron,Utah,49021,2,0
Morgan,Utah,49029,2,0
Salt Lake,Utah,49035,212,0
Summit,Utah,49043,110,0
Tooele,Utah,49045,5,0
Uintah,Utah,49047,1,0
Unknown,Utah,,17,0
Utah,Utah,49049,27,0
Wasatch,Utah,49051,29,0
Washington,Utah,49053,6,0
Weber,Utah,49057,12,0
Addison,Vermont,50001,13,0
Bennington,Vermont,50003,13,0
Caledonia,Vermont,50005,2,0
Chittenden,Vermont,50007,90,6
Franklin,Vermont,50011,6,0
Lamoille,Vermont,50015,6,0
Orange,Vermont,50017,3,0
Orleans,Vermont,50019,4,0
Rutland,Vermont,50021,5,0
Unknown,Vermont,,23,3
Washington,Vermont,50023,9,0
Windham,Vermont,50025,9,0
Windsor,Vermont,50027,18,1
Unknown,Virgin Islands,,19,0
Accomack,Virginia,51001,2,0
Albemarle,Virginia,51003,8,0
Alexandria city,Virginia,51510,18,0
Amelia,Virginia,51007,1,0
Amherst,Virginia,51009,1,0
Arlington,Virginia,51013,63,0
Bedford,Virginia,51019,2,0
Botetourt,Virginia,51023,1,0
Bristol city,Virginia,51520,1,0
Charles City,Virginia,51036,1,0
Charlottesville city,Virginia,51540,11,0
Chesapeake city,Virginia,51550,5,0
Chesterfield,Virginia,51041,12,0
Culpeper,Virginia,51047,2,0
Danville city,Virginia,51590,4,0
Fairfax,Virginia,51059,124,1
Fairfax city,Virginia,51600,1,0
Fauquier,Virginia,51061,4,0
Fluvanna,Virginia,51065,3,0
Franklin,Virginia,51067,1,0
Frederick,Virginia,51069,4,0
Fredericksburg city,Virginia,51630,1,0
Galax city,Virginia,51640,1,0
Gloucester,Virginia,51073,3,0
Goochland,Virginia,51075,3,0
Greene,Virginia,51079,1,0
Halifax,Virginia,51083,1,0
Hampton city,Virginia,51650,5,0
Hanover,Virginia,51085,2,0
Harrisonburg city,Virginia,51660,5,0
Henrico,Virginia,51087,28,3
Isle of Wight,Virginia,51093,2,0
James City,Virginia,51095,55,3
King George,Virginia,51099,1,0
Lee,Virginia,51105,2,0
Loudoun,Virginia,51107,43,0
Louisa,Virginia,51109,5,0
Lynchburg city,Virginia,51680,2,0
Madison,Virginia,51113,2,0
Manassas city,Virginia,51683,3,0
Mathews,Virginia,51115,1,0
Mecklenburg,Virginia,51117,4,0
Nelson,Virginia,51125,1,0
Newport News city,Virginia,51700,12,1
Norfolk city,Virginia,51710,8,0
Northampton,Virginia,51131,1,0
Nottoway,Virginia,51135,1,0
Orange,Virginia,51137,1,0
Pittsylvania,Virginia,51143,1,0
Poquoson city,Virginia,51735,1,0
Portsmouth city,Virginia,51740,3,0
Prince Edward,Virginia,51147,2,0
Prince George,Virginia,51149,2,0
Prince William,Virginia,51153,44,0
Radford city,Virginia,51750,1,0
Richmond city,Virginia,51760,17,0
Roanoke,Virginia,51161,1,0
Roanoke city,Virginia,51770,1,0
Rockbridge,Virginia,51163,1,0
Rockingham,Virginia,51165,4,0
Shenandoah,Virginia,51171,3,0
Southampton,Virginia,51175,1,0
Spotsylvania,Virginia,51177,3,0
Stafford,Virginia,51179,11,0
Suffolk city,Virginia,51800,1,0
Virginia Beach city,Virginia,51810,29,0
Warren,Virginia,51187,2,0
Washington,Virginia,51191,1,0
Williamsburg city,Virginia,51830,5,1
York,Virginia,51199,9,0
Adams,Washington,53001,5,0
Benton,Washington,53005,42,5
Chelan,Washington,53007,14,2
Clallam,Washington,53009,5,0
Clark,Washington,53011,76,6
Columbia,Washington,53013,1,0
Cowlitz,Washington,53015,7,0
Douglas,Washington,53017,5,0
Ferry,Washington,53019,1,0
Franklin,Washington,53021,12,0
Grant,Washington,53025,42,1
Grays Harbor,Washington,53027,1,0
Island,Washington,53029,79,1
Jefferson,Washington,53031,11,0
King,Washington,53033,1830,127
Kitsap,Washington,53035,42,1
Kittitas,Washington,53037,8,0
Klickitat,Washington,53039,7,0
Lewis,Washington,53041,7,0
Lincoln,Washington,53043,1,0
Mason,Washington,53045,2,0
Okanogan,Washington,53047,2,0
Pierce,Washington,53053,231,5
San Juan,Washington,53055,3,0
Skagit,Washington,53057,91,1
Skamania,Washington,53059,1,0
Snohomish,Washington,53061,913,23
Spokane,Washington,53063,86,1
Stevens,Washington,53065,3,0
Thurston,Washington,53067,27,0
Walla Walla,Washington,53071,3,0
Whatcom,Washington,53073,92,4
Whitman,Washington,53075,5,0
Yakima,Washington,53077,72,2
Berkeley,West Virginia,54003,9,0
Greenbrier,West Virginia,54025,1,0
Hancock,West Virginia,54029,1,0
Harrison,West Virginia,54033,4,0
Jackson,West Virginia,54035,6,0
Jefferson,West Virginia,54037,4,0
Kanawha,West Virginia,54039,17,0
Logan,West Virginia,54045,1,0
Marion,West Virginia,54049,3,0
Marshall,West Virginia,54051,3,0
Mason,West Virginia,54053,3,0
Mercer,West Virginia,54055,2,0
Monongalia,West Virginia,54061,23,0
Ohio,West Virginia,54069,6,0
Pleasants,West Virginia,54073,1,0
Preston,West Virginia,54077,1,0
Putnam,West Virginia,54079,3,0
Raleigh,West Virginia,54081,3,0
Tucker,West Virginia,54093,2,0
Upshur,West Virginia,54097,1,0
Wood,West Virginia,54107,2,0
Bayfield,Wisconsin,55007,2,0
Brown,Wisconsin,55009,5,0
Calumet,Wisconsin,55015,1,0
Chippewa,Wisconsin,55017,3,0
Clark,Wisconsin,55019,3,0
Columbia,Wisconsin,55021,7,0
Dane,Wisconsin,55025,158,1
Dodge,Wisconsin,55027,6,0
Douglas,Wisconsin,55031,5,0
Dunn,Wisconsin,55033,2,0
Eau Claire,Wisconsin,55035,8,0
Fond du Lac,Wisconsin,55039,19,1
Grant,Wisconsin,55043,1,0
Green,Wisconsin,55045,3,0
Iowa,Wisconsin,55049,3,0
Iron,Wisconsin,55051,1,1
Jefferson,Wisconsin,55055,6,0
Juneau,Wisconsin,55057,2,0
Kenosha,Wisconsin,55059,24,0
La Crosse,Wisconsin,55063,15,0
Marathon,Wisconsin,55073,1,0
Marinette,Wisconsin,55075,1,0
Milwaukee,Wisconsin,55079,468,9
Monroe,Wisconsin,55081,1,0
Outagamie,Wisconsin,55087,4,0
Ozaukee,Wisconsin,55089,30,3
Pierce,Wisconsin,55093,4,0
Portage,Wisconsin,55097,1,0
Racine,Wisconsin,55101,9,0
Richland,Wisconsin,55103,2,0
Rock,Wisconsin,55105,12,0
Sauk,Wisconsin,55111,8,1
Sheboygan,Wisconsin,55117,7,0
St. Croix,Wisconsin,55109,4,0
Vilas,Wisconsin,55125,2,0
Walworth,Wisconsin,55127,5,0
Washington,Wisconsin,55131,27,0
Waukesha,Wisconsin,55133,61,0
Waupaca,Wisconsin,55135,1,0
Winnebago,Wisconsin,55139,6,0
Wood,Wisconsin,55141,2,0
Albany,Wyoming,56001,1,0
Campbell,Wyoming,56005,1,0
Carbon,Wyoming,56007,3,0
Fremont,Wyoming,56013,17,0
Goshen,Wyoming,56015,1,0
Hot Springs,Wyoming,56017,1,0
Johnson,Wyoming,56019,4,0
Laramie,Wyoming,56021,18,0
Natrona,Wyoming,56025,8,0
Park,Wyoming,56029,1,0
Sheridan,Wyoming,56033,5,0
Sweetwater,Wyoming,56037,1,0
Teton,Wyoming,56039,12,0
Washakie,Wyoming,56043,1,0
